-,0,1,2,3,4,5,6,7,8,9,10,11,12,13,14,15,16,17,18,19,20,21,22,23,24,25,26,27,28,29,30,31,32,33,34,35,36,37,38,39,40,41,42,43,44,45,46,47,48,49,50,51,52,53,54,55,56,57,58,59,60,61,62,63,64,65,66,67,68,69,70,71,72,73,74,75,76,77,78,79,80,81,82,83,84,85,86,87,88,89,90,91,92,93,94,95,96,97,98,99,100,101,102,103,104,105,106,107,108,109,110,111,112,113,114,115,116,117,118,119,120,121,122,123,124,125,126,127,128,129,130,131,132,133,134,135,136,137,138,139,140,141,142,143,144,145,146,147,148,149,150,151,152,153,154,155,156,157,158,159,160,161,162,
0,97 (x0 y1),98 (x1 y1),99 (x2 y1),99 (x3 y1),99 (x4 y1),99 (x5 y1),97 (x6 y1),97 (x7 y1),97 (x8 y1),97 (x9 y1),97 (x10 y1),97 (x11 y1),97 (x12 y1),97 (x13 y1),97 (x14 y1),97 (x15 y1),97 (x16 y1),97 (x17 y1),97 (x17 y0),.,.,97 (x22 y0),97 (x22 y1),97 (x23 y1),97 (x24 y1),97 (x25 y1),97 (x26 y1),97 (x27 y1),97 (x27 y0),.,.,.,.,.,.,.,.,.,97 (x38 y1),97 (x39 y1),97 (x40 y1),97 (x41 y1),97 (x42 y1),97 (x43 y1),97 (x44 y1),97 (x44 y0),99 (x46 y1),99 (x47 y1),99 (x48 y1),99 (x49 y1),99 (x50 y1),99 (x51 y1),99 (x52 y1),99 (x53 y1),97 (x54 y1),97 (x55 y1),97 (x56 y1),.,97 (x58 y1),97 (x59 y1),97 (x60 y1),.,.,.,.,.,.,.,97 (x68 y1),97 (x69 y1),97 (x70 y1),97 (x71 y1),97 (x72 y1),97 (x73 y1),99 (x75 y0),99 (x76 y0),99 (x76 y1),99 (x77 y1),99 (x78 y1),99 (x79 y1),99 (x80 y1),99 (x81 y1),99 (x82 y1),99 (x83 y1),99 (x84 y1),99 (x85 y1),99 (x86 y1),99 (x87 y1),99 (x88 y1),99 (x89 y1),99 (x90 y1),99 (x91 y1),99 (x92 y1),99 (x93 y1),99 (x94 y1),99 (x94 y0),97 (x96 y1),97 (x97 y1),97 (x98 y1),97 (x99 y1),99 (x101 y0),99 (x101 y1),99 (x102 y1),99 (x103 y1),99 (x104 y1),99 (x105 y1),99 (x106 y1),99 (x107 y1),99 (x108 y1),99 (x109 y1),99 (x109 y0),97 (x111 y1),99 (x113 y0),99 (x114 y0),99 (x115 y0),99 (x116 y0),99 (x117 y0),99 (x118 y0),99 (x118 y1),99 (x119 y1),99 (x120 y1),99 (x121 y1),99 (x122 y1),99 (x123 y1),99 (x124 y1),99 (x125 y1),99 (x126 y1),99 (x127 y1),99 (x128 y1),99 (x129 y1),99 (x130 y1),99 (x131 y1),99 (x132 y1),99 (x133 y1),99 (x134 y1),99 (x135 y1),99 (x136 y1),99 (x137 y1),99 (x138 y1),99 (x139 y1),99 (x140 y1),99 (x141 y1),99 (x142 y1),99 (x143 y1),99 (x144 y1),99 (x145 y1),99 (x146 y1),99 (x147 y1),99 (x148 y1),99 (x149 y1),99 (x150 y1),99 (x151 y1),99 (x152 y1),99 (x153 y1),99 (x154 y1),99 (x155 y1),99 (x156 y1),99 (x157 y1),99 (x157 y0),97 (x159 y1),97 (x160 y1),97 (x161 y1),97 (x162 y1),
1,97 (x0 y2),98 (x1 y2),99 (x2 y2),99 (x3 y2),99 (x4 y2),99 (x4 y1),97 (x6 y2),97 (x7 y2),97 (x8 y2),97 (x9 y2),97 (x10 y2),99 (x11 y2),97 (x12 y2),97 (x13 y2),97 (x14 y2),97 (x15 y2),97 (x16 y2),97 (x17 y2),.,.,.,.,97 (x22 y2),97 (x23 y2),97 (x24 y2),97 (x25 y2),97 (x26 y2),97 (x27 y2),.,.,.,.,.,.,.,.,.,.,97 (x39 y1),97 (x39 y2),97 (x40 y2),97 (x41 y2),97 (x42 y2),97 (x43 y2),97 (x44 y2),99 (x45 y2),99 (x46 y2),99 (x47 y2),99 (x48 y2),99 (x49 y2),99 (x50 y2),99 (x51 y2),99 (x52 y2),99 (x53 y2),97 (x54 y2),97 (x55 y2),97 (x56 y2),97 (x57 y2),97 (x58 y2),97 (x59 y2),97 (x59 y1),.,.,.,.,.,97 (x66 y2),97 (x67 y2),97 (x68 y2),97 (x69 y2),97 (x70 y2),97 (x71 y2),97 (x72 y2),97 (x73 y2),97 (x74 y2),97 (x75 y2),99 (x77 y1),99 (x78 y1),99 (x79 y1),99 (x80 y1),99 (x81 y1),99 (x82 y1),99 (x83 y1),99 (x84 y1),99 (x84 y2),99 (x85 y2),99 (x86 y2),99 (x87 y2),99 (x88 y2),99 (x89 y2),99 (x90 y2),99 (x91 y2),99 (x92 y2),99 (x93 y2),99 (x94 y2),97 (x95 y2),97 (x96 y2),97 (x97 y2),97 (x98 y2),97 (x99 y2),97 (x100 y2),99 (x101 y2),99 (x102 y2),99 (x103 y2),99 (x104 y2),99 (x105 y2),99 (x106 y2),99 (x107 y2),99 (x108 y2),99 (x109 y2),97 (x110 y2),97 (x111 y2),97 (x112 y2),97 (x113 y2),97 (x114 y2),97 (x115 y2),97 (x116 y2),97 (x116 y1),99 (x118 y2),99 (x119 y2),99 (x120 y2),99 (x121 y2),99 (x122 y2),99 (x123 y2),99 (x124 y2),99 (x125 y2),99 (x126 y2),99 (x127 y2),99 (x128 y2),99 (x129 y2),99 (x130 y2),99 (x131 y2),99 (x132 y2),99 (x133 y2),99 (x134 y2),99 (x135 y2),99 (x136 y2),99 (x137 y2),99 (x138 y2),99 (x139 y2),99 (x140 y2),99 (x141 y2),99 (x142 y2),99 (x143 y2),99 (x144 y2),99 (x145 y2),99 (x146 y2),99 (x147 y2),99 (x148 y2),99 (x149 y2),99 (x150 y2),99 (x151 y2),99 (x152 y2),99 (x153 y2),99 (x154 y2),99 (x155 y2),99 (x156 y2),99 (x157 y2),97 (x158 y2),97 (x159 y2),97 (x160 y2),97 (x161 y2),97 (x162 y2),
2,97 (x0 y3),98 (x1 y3),99 (x2 y3),99 (x3 y3),99 (x4 y3),97 (x5 y3),97 (x6 y3),97 (x7 y3),97 (x8 y3),97 (x9 y3),99 (x10 y3),99 (x11 y3),97 (x12 y3),97 (x13 y3),97 (x14 y3),97 (x15 y3),97 (x16 y3),97 (x17 y3),.,.,.,.,97 (x22 y3),97 (x23 y3),97 (x24 y3),97 (x25 y3),97 (x26 y3),97 (x27 y3),.,.,.,.,.,.,97 (x34 y3),97 (x35 y3),.,.,.,97 (x39 y3),97 (x40 y3),97 (x41 y3),97 (x41 y2),97 (x42 y2),97 (x43 y2),99 (x46 y2),99 (x46 y3),99 (x47 y3),99 (x48 y3),99 (x49 y3),99 (x50 y3),99 (x51 y3),99 (x52 y3),99 (x52 y2),97 (x54 y3),97 (x55 y3),97 (x56 y3),97 (x57 y3),97 (x58 y3),97 (x59 y3),.,.,.,97 (x63 y3),97 (x64 y3),97 (x65 y3),97 (x66 y3),97 (x67 y3),97 (x68 y3),97 (x69 y3),97 (x70 y3),97 (x71 y3),97 (x72 y3),97 (x73 y3),97 (x74 y3),97 (x75 y3),97 (x76 y3),97 (x77 y3),99 (x78 y1),97 (x79 y3),97 (x80 y3),99 (x81 y1),99 (x82 y1),97 (x83 y3),99 (x84 y3),99 (x85 y3),99 (x86 y3),99 (x87 y3),99 (x88 y3),99 (x89 y3),99 (x90 y3),99 (x91 y3),99 (x92 y3),99 (x93 y3),99 (x94 y3),97 (x95 y3),97 (x96 y3),97 (x97 y3),97 (x98 y3),97 (x99 y3),97 (x100 y3),99 (x101 y3),99 (x102 y3),99 (x103 y3),99 (x104 y3),99 (x105 y3),99 (x106 y3),99 (x107 y3),99 (x108 y3),99 (x109 y3),99 (x110 y3),97 (x111 y3),97 (x112 y3),97 (x113 y3),97 (x114 y3),97 (x115 y3),97 (x116 y3),99 (x117 y3),99 (x118 y3),99 (x119 y3),99 (x120 y3),99 (x121 y3),99 (x122 y3),99 (x123 y3),99 (x124 y3),99 (x125 y3),99 (x126 y3),99 (x127 y3),99 (x128 y3),99 (x129 y3),99 (x130 y3),99 (x131 y3),99 (x132 y3),99 (x133 y3),99 (x134 y3),99 (x135 y3),99 (x136 y3),99 (x137 y3),99 (x138 y3),99 (x139 y3),99 (x140 y3),99 (x141 y3),99 (x142 y3),99 (x143 y3),99 (x144 y3),99 (x146 y2),99 (x146 y3),99 (x147 y3),99 (x148 y3),99 (x149 y3),99 (x150 y3),99 (x151 y3),99 (x152 y3),99 (x153 y3),99 (x154 y3),99 (x155 y3),99 (x156 y3),99 (x156 y2),97 (x158 y3),97 (x159 y3),97 (x160 y3),97 (x161 y3),97 (x162 y3),
3,97 (x0 y4),98 (x1 y4),99 (x2 y4),99 (x3 y4),99 (x4 y4),99 (x5 y4),99 (x6 y4),99 (x7 y4),97 (x8 y4),97 (x9 y4),99 (x10 y4),99 (x11 y4),97 (x12 y4),97 (x13 y4),97 (x13 y3),97 (x14 y3),97 (x15 y3),97 (x16 y3),.,.,97 (x20 y4),97 (x21 y4),97 (x22 y4),97 (x23 y4),97 (x23 y3),97 (x24 y3),97 (x25 y3),97 (x26 y3),.,.,.,.,.,.,97 (x35 y3),97 (x35 y4),97 (x36 y4),.,97 (x38 y4),97 (x39 y4),97 (x40 y4),97 (x41 y4),99 (x42 y4),97 (x43 y2),97 (x44 y2),97 (x44 y3),99 (x46 y4),99 (x47 y4),99 (x48 y4),99 (x49 y4),99 (x50 y4),99 (x51 y4),99 (x51 y3),97 (x53 y4),97 (x54 y4),97 (x55 y4),97 (x56 y4),97 (x57 y4),97 (x58 y4),97 (x59 y4),97 (x60 y4),.,.,97 (x63 y4),97 (x64 y4),97 (x65 y4),97 (x66 y4),97 (x67 y4),97 (x68 y4),97 (x69 y4),97 (x70 y4),97 (x71 y4),97 (x72 y4),97 (x73 y4),97 (x74 y4),97 (x75 y4),97 (x76 y4),97 (x77 y4),99 (x78 y2),97 (x79 y4),97 (x80 y4),97 (x81 y4),97 (x82 y4),97 (x82 y3),99 (x84 y4),99 (x85 y4),99 (x86 y4),99 (x87 y4),99 (x88 y4),99 (x89 y4),99 (x89 y3),99 (x90 y3),99 (x91 y3),99 (x92 y3),99 (x93 y3),99 (x95 y4),99 (x96 y4),97 (x97 y4),97 (x98 y4),99 (x99 y4),99 (x100 y4),99 (x101 y4),99 (x102 y4),99 (x103 y4),99 (x104 y4),99 (x105 y4),99 (x106 y4),99 (x107 y4),99 (x108 y4),99 (x109 y4),99 (x109 y3),97 (x111 y4),97 (x112 y4),97 (x113 y4),97 (x114 y4),97 (x115 y4),97 (x116 y4),99 (x118 y3),99 (x118 y4),99 (x119 y4),99 (x120 y4),99 (x121 y4),99 (x122 y4),99 (x123 y4),99 (x124 y4),99 (x125 y4),99 (x126 y4),99 (x127 y4),99 (x128 y4),99 (x129 y4),99 (x130 y4),99 (x131 y4),99 (x132 y4),99 (x133 y4),99 (x134 y4),99 (x135 y4),99 (x136 y4),99 (x137 y4),99 (x138 y4),99 (x139 y4),99 (x140 y4),99 (x141 y4),99 (x142 y4),99 (x143 y4),99 (x144 y4),97 (x145 y4),99 (x147 y3),99 (x147 y4),99 (x148 y4),99 (x149 y4),99 (x150 y4),99 (x151 y4),99 (x152 y4),99 (x153 y4),99 (x154 y4),99 (x155 y4),99 (x156 y4),97 (x157 y4),97 (x158 y4),97 (x159 y4),97 (x160 y4),97 (x161 y4),97 (x162 y4),
4,97 (x0 y5),98 (x1 y5),99 (x2 y5),99 (x3 y5),99 (x4 y5),99 (x5 y5),99 (x6 y5),99 (x7 y5),99 (x8 y5),99 (x8 y4),99 (x9 y4),99 (x10 y4),97 (x12 y5),97 (x13 y5),99 (x14 y5),99 (x15 y5),97 (x16 y3),97 (x17 y3),.,.,97 (x20 y5),97 (x21 y5),97 (x22 y5),97 (x23 y5),.,.,97 (x26 y3),97 (x27 y3),.,.,.,.,.,.,.,97 (x35 y5),97 (x36 y5),97 (x37 y5),97 (x38 y5),97 (x39 y5),97 (x39 y4),97 (x40 y4),99 (x42 y5),99 (x43 y5),99 (x44 y5),99 (x45 y5),99 (x46 y5),99 (x47 y5),99 (x48 y5),99 (x49 y5),99 (x50 y5),99 (x51 y5),97 (x52 y5),97 (x53 y5),97 (x54 y5),97 (x55 y5),97 (x56 y5),97 (x57 y5),97 (x58 y5),97 (x59 y5),97 (x60 y5),97 (x61 y5),97 (x62 y5),97 (x63 y5),97 (x64 y5),97 (x65 y5),97 (x66 y5),97 (x67 y5),97 (x68 y5),97 (x69 y5),97 (x70 y5),97 (x71 y5),97 (x72 y5),97 (x73 y5),97 (x74 y5),97 (x75 y5),97 (x76 y5),97 (x77 y5),97 (x78 y5),97 (x79 y5),97 (x80 y5),97 (x81 y5),97 (x82 y5),99 (x84 y4),99 (x84 y5),99 (x85 y5),99 (x86 y5),99 (x87 y5),99 (x88 y5),99 (x89 y5),97 (x90 y5),97 (x91 y5),97 (x92 y5),97 (x93 y5),99 (x95 y4),99 (x95 y5),99 (x96 y5),99 (x97 y5),99 (x98 y5),99 (x99 y5),99 (x100 y5),99 (x101 y5),99 (x102 y5),99 (x103 y5),99 (x104 y5),99 (x105 y5),99 (x106 y5),99 (x107 y5),99 (x108 y5),99 (x108 y4),97 (x110 y5),97 (x111 y5),97 (x112 y5),97 (x113 y5),97 (x114 y5),97 (x115 y5),97 (x116 y5),97 (x117 y5),99 (x119 y4),99 (x120 y4),99 (x121 y4),99 (x122 y4),99 (x122 y5),99 (x123 y5),99 (x124 y5),99 (x125 y5),99 (x126 y5),99 (x127 y5),99 (x128 y5),99 (x129 y5),99 (x130 y5),99 (x131 y5),99 (x132 y5),99 (x133 y5),99 (x134 y5),99 (x135 y5),99 (x136 y5),99 (x137 y5),99 (x138 y5),99 (x139 y5),99 (x140 y5),99 (x141 y5),99 (x142 y5),99 (x143 y5),99 (x144 y5),97 (x145 y5),97 (x146 y5),99 (x147 y5),99 (x148 y5),99 (x149 y5),99 (x150 y5),99 (x151 y5),99 (x152 y5),99 (x153 y5),99 (x154 y5),99 (x155 y5),99 (x156 y5),99 (x157 y5),99 (x158 y5),99 (x159 y5),99 (x160 y5),97 (x161 y5),97 (x162 y5),
5,97 (x0 y6),98 (x1 y6),99 (x2 y6),99 (x3 y6),99 (x4 y6),99 (x5 y6),99 (x6 y6),99 (x7 y6),99 (x8 y6),97 (x9 y6),97 (x10 y6),97 (x11 y6),97 (x12 y6),97 (x13 y6),99 (x14 y6),99 (x15 y6),99 (x16 y6),97 (x17 y4),97 (x17 y5),97 (x18 y5),97 (x19 y5),97 (x20 y5),97 (x21 y5),97 (x22 y5),97 (x23 y5),.,.,.,97 (x28 y6),97 (x29 y6),.,.,.,.,97 (x34 y6),97 (x35 y6),97 (x36 y6),97 (x37 y6),97 (x38 y6),97 (x39 y6),99 (x41 y5),99 (x41 y6),99 (x42 y6),99 (x43 y6),99 (x44 y6),99 (x45 y6),99 (x46 y6),99 (x47 y6),99 (x48 y6),99 (x49 y6),99 (x50 y6),99 (x51 y6),97 (x52 y6),97 (x53 y6),97 (x54 y6),97 (x55 y6),97 (x56 y6),97 (x57 y6),97 (x58 y6),97 (x59 y6),97 (x60 y6),97 (x61 y6),97 (x62 y6),97 (x63 y6),97 (x64 y6),97 (x65 y6),97 (x66 y6),97 (x67 y6),99 (x68 y6),97 (x69 y6),97 (x70 y6),97 (x71 y6),97 (x72 y6),97 (x73 y6),97 (x74 y6),97 (x74 y5),99 (x76 y6),99 (x77 y6),97 (x78 y6),97 (x79 y6),97 (x80 y6),97 (x81 y6),97 (x82 y6),97 (x83 y6),99 (x84 y6),99 (x85 y6),99 (x86 y6),99 (x87 y6),99 (x88 y6),99 (x88 y5),97 (x90 y6),97 (x91 y6),97 (x92 y6),97 (x93 y6),97 (x94 y6),99 (x95 y6),99 (x96 y6),99 (x97 y6),99 (x98 y6),99 (x99 y6),99 (x100 y6),99 (x101 y6),99 (x102 y6),99 (x103 y6),99 (x104 y6),99 (x105 y6),99 (x106 y6),99 (x107 y6),99 (x108 y6),97 (x109 y6),97 (x110 y6),97 (x111 y6),97 (x112 y6),97 (x113 y6),97 (x114 y6),97 (x115 y6),97 (x116 y6),97 (x117 y6),97 (x118 y6),99 (x119 y4),99 (x120 y4),97 (x121 y6),99 (x123 y5),99 (x124 y5),99 (x125 y5),99 (x126 y5),99 (x127 y5),99 (x128 y5),99 (x129 y5),99 (x130 y5),99 (x131 y5),99 (x132 y5),99 (x133 y5),99 (x134 y5),99 (x135 y5),99 (x136 y5),99 (x137 y5),99 (x138 y5),99 (x139 y5),99 (x140 y5),99 (x141 y5),99 (x142 y5),99 (x143 y5),99 (x143 y6),99 (x144 y6),99 (x145 y6),97 (x146 y6),99 (x147 y6),99 (x148 y6),99 (x149 y6),99 (x150 y6),99 (x151 y6),99 (x152 y6),99 (x153 y6),99 (x154 y6),99 (x155 y6),99 (x156 y6),99 (x157 y6),99 (x158 y6),99 (x159 y6),99 (x160 y6),99 (x161 y6),97 (x162 y6),
6,97 (x0 y7),98 (x1 y7),99 (x2 y7),99 (x3 y7),99 (x4 y7),99 (x5 y7),99 (x6 y7),99 (x7 y7),99 (x7 y6),97 (x9 y7),97 (x10 y7),97 (x11 y7),97 (x12 y7),97 (x13 y7),99 (x14 y7),99 (x15 y7),99 (x16 y7),97 (x17 y7),97 (x18 y7),97 (x19 y7),97 (x20 y7),97 (x21 y7),97 (x22 y7),97 (x23 y5),97 (x24 y5),.,.,97 (x27 y7),97 (x28 y7),97 (x29 y7),97 (x30 y7),.,.,97 (x33 y7),97 (x34 y7),97 (x35 y7),97 (x36 y7),97 (x37 y7),97 (x38 y7),97 (x39 y7),97 (x40 y7),99 (x41 y7),99 (x42 y7),99 (x43 y7),99 (x44 y7),99 (x45 y7),99 (x46 y7),99 (x47 y7),99 (x48 y7),99 (x49 y7),99 (x50 y7),99 (x51 y7),99 (x52 y7),99 (x53 y7),99 (x54 y7),97 (x55 y7),97 (x56 y7),97 (x57 y7),99 (x58 y7),97 (x59 y7),97 (x60 y7),97 (x61 y7),97 (x62 y7),97 (x63 y7),97 (x64 y7),97 (x65 y7),97 (x66 y7),97 (x67 y7),99 (x68 y7),97 (x69 y7),97 (x70 y7),97 (x71 y7),97 (x72 y7),97 (x73 y7),97 (x74 y7),99 (x76 y6),99 (x76 y7),99 (x77 y7),99 (x78 y7),99 (x78 y6),97 (x80 y7),97 (x81 y7),97 (x82 y7),97 (x83 y7),99 (x84 y7),99 (x85 y7),99 (x86 y7),99 (x87 y7),99 (x88 y7),97 (x89 y7),97 (x90 y7),97 (x91 y7),97 (x92 y7),97 (x93 y7),97 (x94 y7),99 (x95 y7),99 (x96 y7),99 (x97 y7),99 (x98 y7),99 (x99 y7),99 (x100 y7),99 (x101 y7),99 (x102 y7),99 (x103 y7),99 (x104 y7),99 (x105 y7),99 (x106 y7),99 (x107 y7),99 (x108 y7),97 (x109 y7),97 (x110 y7),97 (x111 y7),97 (x112 y7),97 (x113 y7),97 (x114 y7),97 (x115 y7),97 (x116 y7),97 (x117 y7),97 (x118 y7),97 (x119 y7),97 (x120 y7),97 (x121 y7),99 (x122 y5),99 (x123 y5),99 (x124 y5),99 (x125 y5),99 (x126 y5),99 (x127 y5),99 (x128 y5),99 (x129 y5),99 (x130 y5),99 (x131 y5),99 (x132 y5),99 (x133 y5),99 (x134 y5),99 (x135 y5),99 (x136 y5),108 (x137 y7),108 (x138 y7),108 (x139 y7),108 (x140 y7),108 (x141 y7),108 (x142 y7),99 (x144 y6),99 (x145 y6),99 (x146 y6),99 (x147 y6),100 (x148 y6),99 (x149 y6),99 (x150 y6),99 (x151 y6),99 (x152 y6),99 (x153 y6),99 (x154 y6),99 (x155 y6),99 (x156 y6),99 (x157 y6),99 (x158 y6),99 (x158 y7),99 (x159 y7),99 (x160 y7),99 (x161 y7),99 (x162 y7),
7,97 (x0 y8),98 (x1 y8),99 (x2 y8),99 (x3 y8),99 (x4 y8),99 (x5 y8),99 (x6 y8),99 (x7 y8),97 (x8 y8),97 (x9 y8),97 (x10 y8),97 (x11 y8),97 (x12 y8),97 (x13 y8),99 (x14 y8),99 (x15 y8),99 (x16 y8),99 (x17 y8),99 (x18 y8),97 (x19 y8),97 (x20 y8),97 (x21 y8),97 (x22 y8),.,.,.,.,97 (x27 y8),97 (x28 y8),97 (x29 y8),97 (x30 y8),97 (x31 y8),.,97 (x33 y8),97 (x33 y7),97 (x34 y7),97 (x35 y7),97 (x36 y7),97 (x37 y7),97 (x38 y7),97 (x39 y7),99 (x41 y8),99 (x42 y8),99 (x43 y8),99 (x43 y7),99 (x44 y7),99 (x45 y7),99 (x46 y7),99 (x47 y7),99 (x48 y7),99 (x50 y8),99 (x51 y8),99 (x52 y8),99 (x53 y8),99 (x54 y8),97 (x55 y8),97 (x56 y8),97 (x57 y8),99 (x58 y8),99 (x59 y8),99 (x60 y8),99 (x61 y8),99 (x62 y8),97 (x63 y8),97 (x64 y8),97 (x65 y8),99 (x66 y8),99 (x67 y8),99 (x68 y8),99 (x69 y8),97 (x70 y8),97 (x71 y8),97 (x72 y8),97 (x73 y8),97 (x74 y8),97 (x75 y8),99 (x76 y8),99 (x77 y8),99 (x78 y8),97 (x79 y8),97 (x80 y8),99 (x81 y8),99 (x82 y8),99 (x83 y8),99 (x84 y8),99 (x85 y8),99 (x86 y8),99 (x87 y8),99 (x88 y8),97 (x89 y8),97 (x90 y8),97 (x91 y8),97 (x92 y8),97 (x93 y8),97 (x94 y8),99 (x95 y8),99 (x96 y8),99 (x97 y8),99 (x98 y8),99 (x99 y8),99 (x100 y8),99 (x101 y8),99 (x102 y8),99 (x103 y8),99 (x104 y8),99 (x105 y8),99 (x106 y8),99 (x107 y8),99 (x108 y8),99 (x109 y8),99 (x110 y8),99 (x111 y8),97 (x112 y8),97 (x113 y8),97 (x114 y8),97 (x115 y8),97 (x116 y8),97 (x117 y8),97 (x118 y8),97 (x119 y8),97 (x120 y8),97 (x121 y8),99 (x122 y6),99 (x123 y6),99 (x124 y6),99 (x125 y6),99 (x126 y6),99 (x127 y6),99 (x128 y6),99 (x129 y6),99 (x130 y6),99 (x131 y6),99 (x132 y6),99 (x133 y6),99 (x134 y6),107 (x135 y8),108 (x136 y8),108 (x137 y8),108 (x138 y8),108 (x138 y7),108 (x139 y7),108 (x140 y7),108 (x141 y7),108 (x142 y7),108 (x143 y7),99 (x145 y6),100 (x146 y6),100 (x147 y6),100 (x148 y6),100 (x149 y6),99 (x150 y6),99 (x151 y6),97 (x152 y6),99 (x153 y6),99 (x154 y6),97 (x155 y8),97 (x156 y8),97 (x157 y8),99 (x158 y8),99 (x159 y8),99 (x160 y8),99 (x161 y8),99 (x162 y8),
8,97 (x0 y9),98 (x1 y9),99 (x2 y9),99 (x3 y9),99 (x4 y9),99 (x5 y9),99 (x6 y9),99 (x7 y9),97 (x8 y9),97 (x9 y9),97 (x10 y9),97 (x11 y9),97 (x12 y9),97 (x13 y9),99 (x14 y9),99 (x15 y9),99 (x16 y9),99 (x17 y9),99 (x17 y8),97 (x19 y9),97 (x20 y9),97 (x21 y9),97 (x22 y9),97 (x23 y9),97 (x24 y9),97 (x25 y9),97 (x26 y9),97 (x27 y9),97 (x28 y9),97 (x29 y9),97 (x30 y9),97 (x31 y9),97 (x32 y9),97 (x33 y9),99 (x34 y9),99 (x35 y9),97 (x36 y7),97 (x37 y7),99 (x38 y9),99 (x39 y9),99 (x40 y9),99 (x41 y9),99 (x42 y9),99 (x43 y9),97 (x44 y9),97 (x45 y9),99 (x46 y7),97 (x47 y9),97 (x48 y9),99 (x49 y9),99 (x50 y9),99 (x51 y9),99 (x52 y9),99 (x53 y9),99 (x54 y9),99 (x55 y9),97 (x56 y9),97 (x57 y9),99 (x58 y9),99 (x59 y9),99 (x60 y9),99 (x61 y9),99 (x62 y9),99 (x63 y9),99 (x64 y9),99 (x65 y9),99 (x66 y9),99 (x67 y9),99 (x68 y9),99 (x69 y9),97 (x70 y9),97 (x71 y9),97 (x72 y9),99 (x73 y9),97 (x74 y9),97 (x75 y9),99 (x76 y9),99 (x77 y9),99 (x78 y9),99 (x79 y9),99 (x80 y9),99 (x81 y9),99 (x82 y9),99 (x83 y9),99 (x84 y9),99 (x85 y9),99 (x86 y9),99 (x87 y9),99 (x88 y9),97 (x89 y9),97 (x90 y9),97 (x91 y9),97 (x92 y9),97 (x93 y9),97 (x94 y9),99 (x95 y9),99 (x96 y9),99 (x97 y9),99 (x98 y9),99 (x98 y8),99 (x99 y8),99 (x100 y8),99 (x101 y8),99 (x102 y8),99 (x103 y8),99 (x104 y8),99 (x105 y8),99 (x106 y8),99 (x107 y8),99 (x108 y8),99 (x109 y8),99 (x110 y8),97 (x111 y8),97 (x112 y8),97 (x113 y8),97 (x114 y8),97 (x115 y8),97 (x116 y8),97 (x117 y8),97 (x118 y8),97 (x119 y8),97 (x120 y8),99 (x122 y7),99 (x123 y7),99 (x124 y7),99 (x125 y7),99 (x126 y7),99 (x127 y7),99 (x128 y7),99 (x129 y7),99 (x130 y7),99 (x131 y7),99 (x132 y7),99 (x133 y7),107 (x134 y9),107 (x135 y9),108 (x136 y9),108 (x136 y8),108 (x137 y8),112 (x139 y9),112 (x140 y9),108 (x141 y7),108 (x142 y7),108 (x143 y7),108 (x144 y7),99 (x145 y7),100 (x146 y7),100 (x147 y7),100 (x148 y7),100 (x149 y7),100 (x150 y7),100 (x151 y7),100 (x153 y8),100 (x153 y7),97 (x155 y8),97 (x156 y8),97 (x156 y9),97 (x157 y9),99 (x158 y9),99 (x159 y9),99 (x160 y9),99 (x161 y9),99 (x162 y9),
9,97 (x0 y10),98 (x1 y10),99 (x2 y10),99 (x3 y10),99 (x4 y10),99 (x5 y10),99 (x6 y10),99 (x7 y10),97 (x8 y10),97 (x9 y10),97 (x10 y10),97 (x11 y10),97 (x12 y10),97 (x12 y9),99 (x14 y10),99 (x15 y10),99 (x16 y10),99 (x17 y10),97 (x18 y10),97 (x19 y10),97 (x20 y10),99 (x21 y10),97 (x22 y10),97 (x23 y10),97 (x24 y10),97 (x25 y10),97 (x26 y10),97 (x27 y10),97 (x28 y10),97 (x29 y10),97 (x30 y10),97 (x31 y10),97 (x31 y9),97 (x32 y9),99 (x34 y10),99 (x35 y10),97 (x36 y8),97 (x37 y8),99 (x38 y10),99 (x39 y10),99 (x40 y10),99 (x41 y10),99 (x42 y10),99 (x43 y10),97 (x44 y10),97 (x45 y10),97 (x46 y10),97 (x47 y10),97 (x48 y10),99 (x50 y9),99 (x50 y10),99 (x51 y10),99 (x52 y10),99 (x53 y10),99 (x54 y10),99 (x55 y10),99 (x56 y10),99 (x57 y10),99 (x58 y10),99 (x59 y10),99 (x60 y10),99 (x61 y10),99 (x62 y10),99 (x63 y10),99 (x64 y10),99 (x65 y10),99 (x66 y10),99 (x67 y10),99 (x68 y10),99 (x69 y10),99 (x70 y10),99 (x71 y10),99 (x72 y10),99 (x73 y10),99 (x74 y10),99 (x75 y10),99 (x76 y10),99 (x77 y10),99 (x78 y10),99 (x79 y10),99 (x80 y10),99 (x81 y10),99 (x82 y10),99 (x83 y10),99 (x84 y10),99 (x85 y10),99 (x86 y10),99 (x87 y10),99 (x88 y10),99 (x89 y10),99 (x90 y10),97 (x91 y10),97 (x92 y10),99 (x93 y10),99 (x94 y10),99 (x95 y10),99 (x96 y10),99 (x97 y10),99 (x97 y9),97 (x99 y10),97 (x100 y10),99 (x101 y8),99 (x102 y8),99 (x103 y8),99 (x104 y8),99 (x105 y8),99 (x106 y8),99 (x107 y8),99 (x108 y8),99 (x109 y8),99 (x110 y8),99 (x111 y8),99 (x111 y9),97 (x113 y8),97 (x114 y8),.,97 (x116 y8),97 (x117 y8),97 (x118 y8),97 (x119 y8),97 (x120 y8),97 (x121 y8),97 (x121 y9),99 (x123 y8),99 (x124 y8),99 (x125 y8),99 (x126 y8),99 (x127 y8),99 (x128 y8),99 (x129 y8),99 (x130 y8),99 (x131 y8),99 (x132 y8),99 (x133 y8),107 (x134 y10),107 (x135 y10),108 (x136 y10),112 (x137 y10),112 (x138 y10),112 (x139 y10),112 (x140 y10),112 (x141 y10),112 (x142 y10),108 (x143 y8),108 (x144 y8),108 (x144 y9),109 (x145 y9),100 (x147 y8),100 (x148 y8),100 (x149 y8),100 (x150 y8),100 (x151 y8),100 (x152 y8),100 (x153 y8),100 (x153 y9),100 (x154 y9),97 (x157 y9),99 (x158 y9),99 (x159 y9),99 (x159 y10),99 (x160 y10),99 (x161 y10),99 (x162 y10),
10,97 (x0 y11),98 (x1 y11),99 (x2 y11),99 (x3 y11),99 (x4 y11),99 (x5 y11),99 (x5 y10),99 (x6 y10),99 (x7 y10),99 (x8 y10),97 (x10 y11),97 (x11 y11),97 (x12 y11),99 (x13 y11),99 (x14 y11),99 (x15 y11),99 (x16 y11),99 (x17 y11),97 (x18 y11),97 (x19 y11),99 (x20 y11),99 (x21 y11),99 (x22 y11),97 (x23 y11),99 (x24 y11),99 (x25 y11),97 (x26 y11),97 (x27 y11),97 (x28 y11),97 (x29 y11),97 (x30 y11),97 (x31 y11),99 (x32 y11),99 (x33 y11),99 (x34 y11),99 (x35 y11),99 (x36 y11),99 (x37 y11),99 (x38 y11),99 (x39 y11),99 (x40 y11),99 (x41 y11),99 (x42 y11),99 (x43 y11),97 (x44 y11),97 (x45 y11),97 (x46 y11),97 (x47 y11),97 (x48 y11),97 (x49 y11),99 (x50 y11),99 (x51 y11),99 (x52 y11),99 (x53 y11),99 (x54 y11),99 (x55 y11),99 (x56 y11),99 (x57 y11),99 (x58 y11),99 (x59 y11),99 (x60 y11),99 (x61 y11),99 (x62 y11),99 (x63 y11),99 (x64 y11),99 (x65 y11),99 (x66 y11),99 (x66 y10),99 (x67 y10),99 (x68 y10),99 (x69 y10),99 (x70 y10),99 (x71 y10),99 (x72 y10),99 (x73 y10),99 (x74 y10),99 (x75 y10),99 (x76 y10),99 (x77 y10),99 (x78 y10),99 (x79 y10),99 (x80 y10),99 (x81 y10),99 (x82 y10),99 (x83 y10),99 (x84 y10),99 (x85 y10),99 (x86 y10),99 (x87 y10),99 (x88 y10),99 (x89 y10),99 (x90 y10),99 (x91 y10),99 (x92 y10),99 (x93 y10),99 (x94 y10),99 (x95 y10),99 (x96 y10),97 (x97 y10),97 (x98 y10),97 (x99 y10),97 (x100 y10),99 (x102 y9),99 (x103 y9),99 (x104 y9),99 (x105 y9),99 (x106 y9),99 (x107 y9),99 (x108 y9),99 (x109 y9),99 (x110 y9),99 (x111 y9),99 (x112 y9),99 (x112 y10),97 (x114 y9),97 (x114 y10),97 (x116 y9),97 (x117 y9),97 (x118 y9),97 (x119 y9),97 (x120 y9),97 (x121 y9),97 (x122 y9),97 (x122 y10),99 (x124 y9),99 (x125 y9),99 (x126 y9),99 (x127 y9),99 (x128 y9),99 (x129 y9),99 (x130 y9),99 (x131 y9),99 (x132 y9),107 (x133 y11),107 (x134 y11),107 (x135 y11),107 (x135 y10),112 (x137 y11),112 (x138 y11),112 (x139 y11),112 (x139 y10),112 (x140 y10),112 (x141 y10),112 (x142 y10),108 (x144 y9),109 (x145 y9),109 (x146 y9),109 (x146 y10),109 (x147 y10),109 (x148 y10),109 (x149 y10),100 (x151 y9),100 (x152 y9),100 (x153 y9),100 (x154 y9),100 (x155 y9),100 (x155 y10),97 (x158 y10),97 (x158 y11),99 (x159 y11),99 (x160 y11),99 (x161 y11),99 (x162 y11),
11,97 (x0 y12),98 (x1 y12),99 (x2 y12),99 (x3 y12),99 (x4 y12),99 (x5 y12),97 (x6 y12),97 (x7 y12),97 (x8 y12),99 (x9 y10),97 (x10 y12),97 (x11 y12),97 (x12 y12),99 (x13 y12),99 (x14 y12),99 (x15 y12),99 (x16 y12),99 (x17 y12),99 (x18 y12),99 (x19 y12),99 (x20 y12),99 (x21 y12),99 (x22 y12),99 (x23 y12),99 (x24 y12),99 (x25 y12),97 (x26 y12),97 (x27 y12),97 (x28 y12),97 (x29 y12),97 (x30 y12),97 (x31 y12),99 (x33 y11),99 (x34 y11),99 (x35 y11),99 (x36 y11),99 (x36 y12),99 (x37 y12),99 (x38 y12),99 (x39 y12),99 (x40 y12),99 (x41 y12),99 (x42 y12),99 (x43 y12),97 (x44 y12),97 (x45 y12),97 (x46 y12),97 (x47 y12),97 (x48 y12),97 (x49 y12),99 (x50 y12),99 (x51 y12),99 (x52 y12),99 (x53 y12),99 (x54 y12),99 (x55 y12),99 (x56 y12),99 (x57 y12),99 (x58 y12),99 (x59 y12),99 (x60 y12),99 (x61 y12),99 (x62 y12),99 (x63 y12),99 (x64 y12),99 (x65 y12),99 (x66 y12),97 (x67 y12),97 (x68 y12),97 (x69 y12),99 (x70 y10),99 (x71 y10),99 (x72 y10),99 (x73 y10),99 (x74 y10),99 (x75 y10),99 (x76 y10),99 (x77 y10),99 (x78 y10),99 (x79 y10),99 (x80 y10),99 (x81 y10),99 (x82 y10),99 (x83 y10),99 (x84 y10),99 (x85 y10),99 (x86 y10),99 (x87 y10),99 (x88 y10),99 (x89 y10),99 (x90 y10),99 (x91 y10),99 (x92 y10),99 (x93 y10),99 (x94 y10),99 (x95 y10),99 (x96 y10),99 (x97 y10),97 (x98 y10),97 (x99 y10),97 (x100 y10),97 (x101 y10),99 (x102 y10),99 (x103 y10),99 (x104 y10),99 (x105 y10),99 (x106 y10),99 (x107 y10),99 (x108 y10),99 (x109 y10),99 (x110 y10),99 (x111 y10),99 (x112 y10),99 (x113 y10),97 (x114 y10),97 (x115 y10),97 (x116 y10),97 (x117 y10),97 (x118 y10),97 (x119 y10),97 (x120 y10),97 (x121 y10),97 (x122 y10),97 (x123 y10),99 (x124 y10),99 (x125 y10),99 (x126 y10),99 (x127 y10),99 (x128 y10),99 (x129 y10),99 (x130 y10),99 (x131 y10),99 (x132 y10),107 (x133 y12),107 (x134 y12),107 (x134 y11),112 (x136 y12),112 (x137 y12),112 (x137 y11),112 (x138 y11),117 (x140 y12),112 (x141 y10),112 (x142 y10),112 (x143 y10),112 (x143 y11),109 (x145 y10),109 (x146 y10),109 (x147 y10),109 (x148 y10),109 (x149 y10),109 (x150 y10),109 (x150 y11),109 (x151 y11),100 (x153 y10),100 (x154 y10),101 (x155 y10),101 (x156 y10),101 (x156 y11),97 (x158 y12),99 (x159 y12),99 (x160 y12),99 (x161 y12),99 (x162 y12),
12,97 (x0 y13),98 (x1 y13),99 (x2 y13),99 (x3 y13),99 (x4 y13),99 (x5 y13),97 (x6 y13),97 (x7 y13),97 (x8 y13),97 (x9 y13),97 (x10 y13),97 (x11 y13),97 (x12 y13),99 (x13 y13),99 (x14 y13),99 (x15 y13),99 (x16 y13),99 (x17 y13),99 (x18 y13),99 (x19 y13),99 (x20 y13),99 (x21 y13),99 (x22 y13),99 (x23 y13),99 (x24 y13),99 (x24 y12),97 (x26 y13),97 (x27 y13),97 (x28 y13),97 (x29 y13),97 (x30 y13),97 (x31 y13),99 (x32 y11),99 (x33 y11),99 (x34 y11),97 (x35 y13),99 (x36 y13),99 (x37 y13),99 (x38 y13),99 (x39 y13),99 (x40 y13),99 (x41 y13),99 (x42 y13),99 (x43 y13),97 (x44 y13),97 (x45 y13),97 (x46 y13),97 (x47 y13),97 (x48 y13),97 (x49 y13),99 (x50 y13),99 (x51 y13),99 (x52 y13),99 (x53 y13),99 (x54 y13),99 (x55 y13),99 (x56 y13),99 (x57 y13),99 (x58 y13),99 (x59 y13),99 (x60 y13),99 (x61 y13),99 (x62 y13),99 (x63 y13),99 (x64 y13),99 (x65 y13),99 (x66 y13),97 (x67 y13),97 (x68 y13),97 (x69 y13),97 (x70 y13),99 (x71 y13),99 (x72 y13),99 (x73 y13),99 (x74 y13),99 (x75 y13),99 (x76 y13),99 (x77 y13),99 (x78 y13),99 (x79 y13),99 (x80 y13),99 (x81 y13),99 (x82 y13),99 (x83 y13),99 (x84 y13),99 (x85 y13),99 (x86 y13),99 (x87 y13),99 (x88 y13),99 (x89 y13),99 (x90 y13),99 (x90 y12),97 (x92 y13),97 (x93 y13),97 (x94 y13),99 (x95 y11),99 (x96 y11),99 (x97 y11),97 (x98 y11),97 (x99 y11),97 (x100 y11),97 (x101 y11),99 (x102 y13),99 (x103 y13),99 (x104 y13),99 (x105 y13),99 (x106 y13),99 (x107 y13),99 (x108 y13),99 (x109 y13),99 (x110 y13),99 (x111 y13),99 (x112 y13),97 (x113 y13),97 (x114 y13),97 (x115 y13),97 (x116 y13),.,97 (x118 y13),97 (x119 y13),97 (x120 y13),99 (x122 y12),99 (x123 y12),99 (x124 y12),99 (x124 y11),99 (x125 y11),99 (x126 y11),99 (x127 y11),99 (x128 y11),99 (x129 y11),99 (x130 y11),99 (x131 y11),107 (x132 y13),107 (x133 y13),107 (x134 y13),112 (x135 y13),112 (x136 y13),112 (x137 y13),117 (x138 y13),117 (x139 y13),117 (x140 y13),117 (x141 y13),117 (x142 y13),112 (x143 y11),112 (x144 y11),113 (x144 y12),113 (x145 y12),109 (x147 y11),109 (x148 y11),109 (x149 y11),109 (x150 y11),109 (x151 y11),109 (x152 y11),109 (x152 y12),109 (x153 y12),101 (x155 y11),101 (x156 y11),101 (x157 y11),97 (x158 y13),99 (x159 y13),99 (x160 y13),99 (x161 y13),99 (x162 y13),
13,97 (x0 y14),98 (x1 y14),99 (x2 y14),99 (x3 y14),99 (x4 y14),99 (x5 y14),99 (x6 y14),97 (x7 y14),97 (x8 y14),97 (x9 y14),97 (x10 y14),97 (x11 y14),97 (x12 y14),99 (x14 y13),99 (x15 y13),99 (x15 y14),99 (x16 y14),99 (x17 y14),99 (x18 y14),99 (x19 y14),99 (x20 y14),99 (x21 y14),99 (x22 y14),99 (x23 y14),99 (x24 y14),97 (x25 y14),97 (x26 y14),97 (x27 y14),97 (x28 y14),97 (x29 y14),97 (x30 y14),97 (x31 y14),97 (x32 y14),99 (x33 y12),97 (x34 y14),97 (x35 y14),99 (x36 y14),99 (x37 y14),99 (x38 y14),99 (x39 y14),99 (x40 y14),99 (x41 y14),99 (x42 y14),99 (x43 y14),99 (x44 y14),99 (x45 y14),97 (x46 y14),97 (x47 y14),97 (x48 y14),99 (x49 y14),99 (x50 y14),99 (x51 y14),99 (x52 y14),99 (x53 y14),99 (x54 y14),99 (x55 y14),99 (x56 y14),99 (x57 y14),99 (x58 y14),99 (x59 y14),99 (x60 y14),99 (x61 y14),99 (x62 y14),99 (x63 y14),99 (x64 y14),99 (x65 y14),99 (x66 y14),97 (x67 y14),97 (x68 y14),97 (x69 y14),97 (x69 y13),99 (x71 y14),99 (x72 y14),99 (x73 y14),99 (x74 y14),99 (x75 y14),99 (x76 y14),99 (x77 y14),99 (x78 y14),99 (x79 y14),99 (x80 y14),99 (x81 y14),99 (x82 y14),99 (x83 y14),99 (x83 y13),99 (x84 y13),99 (x85 y13),99 (x86 y13),99 (x87 y13),99 (x88 y13),99 (x89 y13),97 (x90 y13),97 (x91 y13),97 (x92 y13),97 (x93 y13),99 (x95 y12),99 (x96 y12),99 (x97 y12),99 (x97 y13),99 (x98 y13),99 (x99 y13),99 (x100 y13),99 (x101 y13),99 (x102 y13),99 (x103 y13),99 (x104 y13),99 (x105 y13),99 (x106 y13),99 (x107 y13),99 (x108 y13),99 (x109 y13),99 (x110 y13),99 (x111 y13),97 (x112 y13),97 (x113 y13),97 (x114 y13),97 (x115 y13),97 (x116 y13),97 (x117 y13),97 (x118 y13),97 (x119 y13),99 (x121 y12),99 (x122 y12),99 (x123 y12),99 (x124 y12),99 (x125 y12),99 (x126 y12),99 (x127 y12),99 (x128 y12),99 (x129 y12),99 (x130 y12),107 (x131 y14),107 (x132 y14),107 (x133 y14),107 (x133 y13),112 (x135 y14),112 (x136 y14),112 (x136 y13),117 (x138 y14),117 (x139 y14),117 (x139 y13),117 (x140 y13),117 (x141 y13),112 (x143 y12),113 (x144 y12),113 (x145 y12),113 (x146 y12),113 (x146 y13),113 (x147 y13),113 (x148 y13),113 (x149 y13),109 (x151 y12),109 (x152 y12),109 (x153 y12),109 (x154 y12),101 (x155 y12),101 (x156 y12),101 (x157 y12),99 (x158 y14),99 (x159 y14),99 (x160 y14),99 (x161 y14),99 (x162 y14),
14,97 (x0 y15),98 (x1 y15),99 (x2 y15),99 (x3 y15),99 (x4 y15),99 (x5 y15),99 (x5 y14),97 (x7 y15),97 (x8 y15),97 (x9 y15),97 (x10 y15),97 (x11 y15),97 (x12 y15),97 (x13 y15),97 (x14 y15),99 (x15 y15),99 (x16 y15),99 (x17 y15),99 (x18 y15),99 (x19 y15),99 (x20 y15),99 (x21 y15),99 (x22 y15),99 (x23 y15),99 (x24 y15),99 (x25 y15),97 (x26 y15),99 (x27 y15),99 (x28 y15),99 (x28 y14),99 (x29 y14),97 (x31 y15),97 (x32 y15),97 (x33 y15),97 (x34 y15),97 (x34 y14),99 (x36 y15),99 (x37 y15),99 (x38 y15),99 (x39 y15),99 (x40 y15),99 (x41 y15),99 (x41 y14),99 (x42 y14),99 (x43 y14),99 (x44 y14),99 (x45 y14),99 (x46 y14),99 (x47 y14),99 (x48 y14),99 (x49 y14),99 (x50 y14),99 (x51 y14),99 (x52 y14),99 (x53 y14),99 (x54 y14),99 (x55 y14),99 (x56 y14),99 (x57 y14),99 (x58 y14),99 (x59 y14),99 (x60 y14),99 (x61 y14),99 (x62 y14),99 (x63 y14),99 (x64 y14),99 (x65 y14),97 (x66 y14),97 (x67 y14),97 (x68 y14),99 (x70 y15),99 (x71 y15),99 (x72 y15),99 (x73 y15),99 (x74 y15),99 (x75 y15),99 (x76 y15),99 (x77 y15),99 (x78 y15),99 (x79 y15),99 (x80 y15),99 (x81 y15),99 (x82 y15),99 (x82 y14),97 (x84 y15),97 (x85 y15),97 (x86 y15),99 (x87 y13),99 (x88 y13),99 (x89 y13),99 (x90 y13),97 (x91 y13),97 (x92 y13),97 (x93 y13),97 (x94 y13),99 (x95 y15),99 (x96 y15),99 (x97 y15),99 (x98 y15),99 (x99 y15),99 (x100 y15),99 (x101 y15),99 (x102 y15),99 (x103 y15),99 (x104 y15),99 (x105 y13),99 (x106 y13),99 (x107 y13),97 (x108 y15),97 (x109 y13),99 (x110 y13),99 (x111 y13),97 (x112 y15),97 (x113 y15),97 (x114 y15),97 (x115 y15),97 (x116 y15),97 (x117 y15),97 (x118 y13),97 (x119 y13),99 (x121 y14),99 (x121 y13),99 (x122 y13),99 (x123 y13),99 (x124 y13),99 (x125 y13),99 (x126 y13),99 (x127 y13),99 (x128 y13),107 (x129 y15),107 (x130 y15),107 (x131 y15),107 (x131 y14),107 (x132 y14),114 (x134 y15),114 (x135 y15),112 (x136 y15),117 (x137 y15),117 (x138 y15),117 (x139 y15),.,117 (x141 y13),117 (x142 y13),117 (x142 y14),113 (x144 y13),113 (x145 y13),113 (x146 y13),113 (x147 y13),113 (x148 y13),113 (x149 y13),113 (x150 y13),113 (x150 y14),109 (x152 y13),109 (x153 y13),109 (x154 y13),109 (x154 y14),101 (x156 y13),101 (x157 y13),99 (x158 y15),99 (x159 y15),99 (x160 y15),99 (x161 y15),99 (x162 y15),
15,97 (x0 y16),98 (x1 y16),99 (x2 y16),99 (x3 y16),99 (x4 y16),99 (x4 y15),97 (x6 y16),97 (x7 y16),97 (x8 y16),97 (x9 y16),97 (x10 y16),97 (x11 y16),97 (x12 y16),97 (x13 y16),97 (x14 y16),99 (x15 y16),99 (x16 y16),99 (x17 y16),99 (x18 y16),99 (x19 y16),99 (x20 y16),99 (x21 y16),99 (x22 y16),99 (x23 y16),99 (x24 y16),99 (x25 y16),99 (x26 y16),99 (x27 y16),99 (x28 y16),97 (x29 y16),97 (x30 y16),97 (x31 y16),97 (x32 y16),97 (x33 y16),97 (x34 y16),99 (x36 y15),99 (x37 y15),99 (x37 y16),99 (x38 y16),99 (x39 y16),99 (x40 y16),99 (x41 y16),97 (x42 y16),99 (x43 y14),97 (x44 y16),97 (x45 y16),99 (x46 y14),99 (x47 y14),99 (x48 y14),99 (x49 y14),99 (x50 y14),99 (x51 y14),99 (x52 y14),99 (x53 y14),99 (x54 y14),99 (x55 y14),99 (x56 y14),99 (x57 y14),99 (x58 y14),99 (x59 y14),99 (x60 y14),99 (x61 y14),99 (x62 y14),99 (x63 y14),99 (x64 y14),99 (x65 y14),99 (x66 y14),99 (x66 y15),99 (x67 y15),99 (x68 y15),99 (x69 y15),99 (x70 y15),99 (x71 y15),99 (x72 y15),99 (x73 y15),99 (x74 y15),99 (x75 y15),99 (x76 y15),99 (x77 y15),99 (x78 y15),99 (x79 y15),99 (x80 y15),99 (x81 y15),97 (x82 y15),97 (x83 y15),97 (x84 y15),97 (x85 y15),97 (x86 y15),97 (x87 y15),99 (x89 y14),99 (x90 y14),99 (x90 y15),97 (x92 y14),97 (x93 y14),97 (x94 y14),99 (x95 y16),99 (x96 y16),99 (x97 y16),99 (x98 y16),99 (x99 y16),99 (x100 y16),99 (x101 y16),99 (x102 y16),99 (x103 y16),99 (x104 y16),97 (x105 y16),97 (x106 y16),97 (x107 y16),97 (x108 y16),99 (x110 y15),99 (x110 y14),97 (x111 y16),97 (x112 y16),97 (x113 y16),97 (x114 y16),97 (x115 y16),97 (x116 y16),97 (x117 y16),99 (x119 y15),99 (x120 y15),99 (x120 y14),99 (x121 y14),99 (x122 y14),99 (x123 y14),99 (x124 y14),99 (x125 y14),99 (x126 y14),99 (x127 y14),107 (x128 y16),107 (x129 y16),107 (x130 y16),107 (x130 y15),114 (x132 y16),114 (x133 y16),114 (x134 y16),114 (x135 y16),114 (x135 y15),117 (x137 y16),117 (x138 y16),117 (x138 y15),.,.,117 (x142 y14),118 (x143 y14),118 (x143 y15),118 (x144 y15),118 (x145 y15),118 (x146 y15),118 (x147 y15),113 (x149 y14),113 (x150 y14),113 (x151 y14),113 (x151 y15),110 (x153 y14),110 (x154 y14),110 (x155 y14),101 (x156 y14),101 (x157 y14),99 (x158 y16),99 (x159 y16),99 (x160 y16),99 (x161 y16),99 (x162 y16),
16,97 (x0 y17),98 (x1 y17),99 (x2 y17),99 (x2 y16),99 (x3 y16),97 (x5 y17),97 (x6 y17),97 (x7 y17),97 (x7 y16),97 (x8 y16),97 (x9 y16),97 (x10 y16),97 (x11 y16),97 (x12 y16),97 (x13 y16),99 (x15 y17),99 (x16 y17),99 (x17 y17),99 (x18 y17),99 (x19 y17),99 (x20 y17),99 (x21 y17),99 (x22 y17),99 (x23 y17),99 (x24 y17),99 (x25 y17),99 (x26 y17),99 (x27 y17),99 (x28 y17),97 (x29 y17),97 (x30 y17),97 (x31 y17),97 (x32 y17),97 (x33 y17),97 (x34 y17),97 (x35 y17),97 (x36 y17),99 (x37 y17),99 (x38 y17),99 (x39 y17),99 (x40 y17),99 (x41 y17),97 (x42 y17),97 (x43 y17),97 (x44 y17),97 (x45 y17),97 (x46 y17),99 (x47 y15),99 (x48 y15),99 (x49 y15),99 (x50 y15),99 (x51 y15),99 (x52 y15),99 (x53 y15),99 (x54 y15),99 (x55 y15),99 (x56 y15),99 (x57 y15),99 (x58 y15),99 (x59 y15),99 (x60 y15),99 (x61 y15),97 (x62 y15),97 (x63 y15),97 (x64 y15),97 (x65 y15),97 (x66 y15),99 (x67 y15),99 (x68 y15),99 (x69 y15),99 (x70 y15),99 (x71 y15),99 (x72 y15),99 (x73 y15),99 (x74 y15),99 (x75 y15),99 (x76 y15),99 (x77 y15),99 (x78 y15),99 (x79 y15),99 (x80 y15),99 (x81 y15),99 (x82 y15),97 (x83 y15),97 (x84 y15),97 (x85 y15),97 (x86 y15),97 (x87 y15),97 (x88 y15),99 (x89 y15),99 (x90 y15),99 (x91 y15),99 (x91 y16),99 (x92 y16),99 (x93 y16),99 (x94 y16),99 (x95 y16),99 (x96 y16),99 (x97 y16),99 (x98 y16),99 (x99 y16),99 (x100 y16),99 (x101 y16),99 (x102 y16),99 (x103 y16),97 (x104 y16),97 (x105 y16),97 (x106 y16),97 (x107 y16),97 (x108 y16),97 (x109 y16),97 (x110 y16),97 (x111 y16),97 (x112 y16),97 (x113 y16),97 (x114 y16),97 (x115 y16),97 (x116 y16),99 (x118 y15),99 (x119 y15),99 (x120 y15),99 (x121 y15),99 (x122 y15),99 (x123 y15),99 (x124 y15),99 (x125 y15),99 (x126 y15),106 (x127 y17),106 (x128 y17),106 (x128 y16),107 (x129 y16),114 (x131 y17),114 (x132 y17),114 (x133 y17),114 (x133 y16),114 (x134 y16),117 (x136 y17),117 (x137 y17),117 (x138 y17),.,.,.,.,118 (x143 y15),118 (x144 y15),118 (x145 y15),118 (x146 y15),118 (x147 y15),118 (x148 y15),118 (x148 y16),113 (x150 y15),113 (x151 y15),113 (x152 y15),110 (x153 y15),110 (x154 y15),110 (x155 y15),101 (x156 y15),101 (x157 y15),99 (x158 y17),99 (x159 y17),99 (x160 y17),99 (x161 y17),99 (x162 y17),
17,97 (x0 y18),98 (x1 y18),99 (x2 y18),97 (x3 y18),97 (x4 y18),97 (x5 y18),97 (x6 y18),97 (x7 y18),99 (x8 y18),97 (x9 y16),97 (x10 y16),97 (x11 y16),99 (x12 y18),99 (x13 y18),99 (x13 y17),99 (x14 y17),99 (x15 y17),99 (x16 y17),99 (x17 y17),99 (x18 y17),99 (x19 y17),99 (x20 y17),99 (x21 y17),99 (x22 y17),99 (x23 y17),99 (x24 y17),99 (x25 y17),99 (x26 y17),99 (x27 y17),97 (x28 y17),97 (x29 y17),97 (x30 y17),97 (x31 y17),97 (x32 y17),97 (x33 y17),97 (x34 y17),97 (x35 y17),99 (x37 y18),99 (x38 y18),99 (x39 y18),99 (x40 y18),99 (x40 y17),97 (x42 y18),97 (x43 y18),97 (x44 y18),97 (x45 y18),97 (x46 y18),99 (x47 y16),99 (x48 y16),97 (x49 y18),97 (x50 y18),99 (x51 y16),99 (x52 y16),99 (x53 y16),99 (x54 y16),99 (x55 y16),99 (x56 y16),99 (x57 y16),99 (x58 y16),99 (x59 y16),99 (x60 y16),99 (x61 y16),97 (x62 y16),97 (x63 y16),97 (x64 y16),97 (x65 y16),97 (x66 y16),99 (x67 y16),99 (x68 y16),99 (x69 y16),99 (x70 y16),99 (x71 y16),99 (x72 y16),99 (x73 y16),99 (x74 y16),99 (x75 y16),99 (x76 y16),99 (x77 y16),99 (x78 y16),99 (x79 y16),99 (x80 y16),99 (x81 y16),99 (x82 y16),97 (x83 y16),97 (x84 y16),97 (x85 y16),97 (x86 y16),97 (x87 y16),99 (x89 y17),99 (x89 y16),99 (x90 y16),99 (x91 y16),99 (x92 y16),99 (x93 y16),99 (x94 y16),99 (x95 y16),99 (x96 y16),99 (x97 y16),99 (x98 y16),99 (x99 y16),99 (x100 y16),99 (x101 y16),99 (x102 y16),99 (x103 y16),99 (x104 y16),99 (x104 y17),97 (x106 y16),97 (x107 y16),97 (x108 y16),97 (x109 y16),97 (x110 y16),99 (x111 y18),99 (x112 y18),97 (x113 y16),97 (x114 y16),97 (x115 y16),97 (x116 y16),97 (x117 y16),97 (x117 y17),99 (x119 y16),99 (x120 y16),99 (x121 y16),99 (x122 y16),99 (x123 y16),99 (x124 y16),99 (x125 y16),106 (x126 y18),106 (x127 y18),106 (x128 y18),114 (x129 y18),114 (x130 y18),114 (x131 y18),114 (x131 y17),114 (x132 y17),117 (x134 y18),117 (x135 y18),117 (x136 y18),117 (x136 y17),117 (x137 y17),.,.,.,.,118 (x143 y16),.,.,.,118 (x147 y16),118 (x148 y16),118 (x149 y16),113 (x150 y16),113 (x151 y16),113 (x152 y16),110 (x153 y16),110 (x154 y16),101 (x156 y17),101 (x156 y16),101 (x157 y16),99 (x158 y18),99 (x159 y18),99 (x160 y18),99 (x161 y18),99 (x162 y18),
18,97 (x0 y19),98 (x1 y19),99 (x1 y18),97 (x3 y19),97 (x4 y19),97 (x5 y19),97 (x6 y19),97 (x6 y18),99 (x8 y19),97 (x9 y17),97 (x10 y17),97 (x11 y17),99 (x12 y19),99 (x13 y19),97 (x14 y19),97 (x15 y19),99 (x16 y17),99 (x17 y17),99 (x18 y17),99 (x19 y17),99 (x20 y17),99 (x21 y17),99 (x22 y17),99 (x23 y17),99 (x24 y17),99 (x25 y17),99 (x26 y17),99 (x27 y17),99 (x28 y17),99 (x28 y18),99 (x29 y18),99 (x30 y18),97 (x32 y17),97 (x33 y17),99 (x34 y19),99 (x35 y19),99 (x36 y19),99 (x37 y19),99 (x38 y19),99 (x39 y19),99 (x40 y19),97 (x41 y19),97 (x42 y19),97 (x43 y19),97 (x44 y19),97 (x45 y19),97 (x46 y19),97 (x47 y19),97 (x48 y19),97 (x49 y19),97 (x50 y19),97 (x50 y18),99 (x52 y17),99 (x53 y17),99 (x54 y17),99 (x55 y17),99 (x56 y17),99 (x57 y17),99 (x58 y17),99 (x59 y17),99 (x60 y17),99 (x61 y17),97 (x62 y17),97 (x63 y17),97 (x64 y17),97 (x65 y17),97 (x66 y17),97 (x67 y17),99 (x68 y17),99 (x69 y17),99 (x70 y17),99 (x71 y17),99 (x72 y17),99 (x73 y17),99 (x74 y17),99 (x75 y17),99 (x76 y17),99 (x77 y17),99 (x78 y17),99 (x79 y17),99 (x80 y17),99 (x81 y17),99 (x82 y17),99 (x82 y18),97 (x84 y17),97 (x85 y17),97 (x86 y17),97 (x87 y17),97 (x87 y18),99 (x89 y17),99 (x90 y17),99 (x91 y17),99 (x92 y17),99 (x93 y17),99 (x94 y17),99 (x95 y17),99 (x96 y17),99 (x97 y17),99 (x98 y17),99 (x99 y17),99 (x100 y17),99 (x101 y17),99 (x102 y17),99 (x103 y17),99 (x104 y17),97 (x105 y17),97 (x106 y17),97 (x107 y17),97 (x108 y17),97 (x109 y17),99 (x110 y19),99 (x111 y19),99 (x112 y19),97 (x113 y17),97 (x114 y17),97 (x115 y17),97 (x116 y17),97 (x117 y17),97 (x118 y17),97 (x118 y18),97 (x119 y18),99 (x121 y17),97 (x122 y19),97 (x123 y19),97 (x124 y19),99 (x125 y17),106 (x126 y19),106 (x127 y19),106 (x128 y19),114 (x129 y19),114 (x130 y19),114 (x131 y19),116 (x132 y19),116 (x133 y19),116 (x134 y19),117 (x134 y18),117 (x135 y18),.,.,.,120 (x140 y19),.,.,.,.,.,.,118 (x147 y17),118 (x148 y17),118 (x149 y17),113 (x150 y17),113 (x151 y17),110 (x153 y18),110 (x153 y17),110 (x154 y17),101 (x155 y17),101 (x156 y17),101 (x157 y17),99 (x158 y19),99 (x159 y19),99 (x160 y19),99 (x161 y19),99 (x162 y19),
19,97 (x0 y20),98 (x1 y20),97 (x2 y20),97 (x3 y20),97 (x4 y20),97 (x5 y20),97 (x6 y20),99 (x7 y20),99 (x8 y20),97 (x9 y20),97 (x10 y20),99 (x11 y20),99 (x12 y20),99 (x13 y20),97 (x14 y20),97 (x15 y20),97 (x16 y20),99 (x17 y18),99 (x18 y18),97 (x19 y20),97 (x20 y20),99 (x21 y18),99 (x22 y18),99 (x23 y18),97 (x24 y18),97 (x25 y18),99 (x26 y18),99 (x27 y18),99 (x28 y18),99 (x29 y18),99 (x30 y18),99 (x31 y18),97 (x32 y18),99 (x33 y20),99 (x34 y20),99 (x35 y20),99 (x36 y20),99 (x37 y20),99 (x38 y20),99 (x39 y20),99 (x40 y20),97 (x41 y20),97 (x42 y20),97 (x43 y20),97 (x44 y20),97 (x45 y20),97 (x46 y20),97 (x47 y20),97 (x48 y20),97 (x49 y20),97 (x50 y20),99 (x52 y19),99 (x52 y18),99 (x53 y18),99 (x54 y18),99 (x55 y18),99 (x56 y18),99 (x57 y18),99 (x58 y18),99 (x59 y18),99 (x60 y18),99 (x61 y18),97 (x62 y18),97 (x63 y18),97 (x64 y18),97 (x65 y18),97 (x66 y18),97 (x67 y18),99 (x68 y18),99 (x69 y18),99 (x70 y18),99 (x71 y18),99 (x72 y18),99 (x73 y18),99 (x74 y18),99 (x75 y18),99 (x76 y18),99 (x77 y18),99 (x78 y18),99 (x79 y18),99 (x80 y18),99 (x81 y18),99 (x82 y18),99 (x83 y18),97 (x84 y18),97 (x85 y18),99 (x86 y20),97 (x87 y18),97 (x88 y18),99 (x89 y20),99 (x90 y20),99 (x91 y20),99 (x92 y20),99 (x93 y20),99 (x94 y20),99 (x95 y20),99 (x96 y20),99 (x97 y20),99 (x98 y20),99 (x99 y20),99 (x100 y20),99 (x101 y20),99 (x102 y20),99 (x103 y20),99 (x104 y20),99 (x105 y20),99 (x106 y20),99 (x107 y20),97 (x108 y20),97 (x109 y20),99 (x110 y20),99 (x111 y20),99 (x112 y20),97 (x113 y20),97 (x114 y20),.,.,.,.,97 (x119 y18),97 (x120 y18),97 (x120 y19),97 (x121 y19),97 (x122 y19),97 (x123 y19),99 (x125 y18),106 (x126 y20),106 (x127 y20),106 (x128 y20),114 (x129 y20),114 (x130 y20),114 (x131 y20),116 (x132 y20),116 (x133 y20),116 (x134 y20),.,.,120 (x137 y20),.,120 (x139 y20),120 (x140 y20),120 (x141 y20),.,.,.,.,.,118 (x147 y18),118 (x148 y18),118 (x149 y18),114 (x150 y18),114 (x151 y18),110 (x152 y18),110 (x153 y18),110 (x154 y18),101 (x155 y18),101 (x156 y18),101 (x157 y18),99 (x158 y20),99 (x159 y20),99 (x160 y20),99 (x161 y20),99 (x162 y20),
20,97 (x0 y20),98 (x0 y20),97 (x1 y20),97 (x2 y20),97 (x3 y20),97 (x4 y20),97 (x5 y20),99 (x8 y20),99 (x8 y21),99 (x9 y21),99 (x10 y21),99 (x11 y21),99 (x12 y21),99 (x13 y21),97 (x14 y21),97 (x15 y21),97 (x16 y21),97 (x17 y21),97 (x18 y21),97 (x19 y21),97 (x20 y21),99 (x21 y19),99 (x22 y19),97 (x23 y19),97 (x24 y19),97 (x25 y19),97 (x26 y19),99 (x27 y19),99 (x28 y19),99 (x29 y19),99 (x30 y19),99 (x31 y19),99 (x31 y20),99 (x32 y20),99 (x33 y20),99 (x34 y20),99 (x35 y20),99 (x36 y20),99 (x37 y20),99 (x38 y20),99 (x39 y20),99 (x40 y20),97 (x41 y20),97 (x42 y20),97 (x43 y20),97 (x44 y20),97 (x45 y20),97 (x46 y20),97 (x47 y20),97 (x48 y20),97 (x49 y20),99 (x51 y19),99 (x52 y19),99 (x53 y19),99 (x54 y19),99 (x55 y19),99 (x56 y19),99 (x57 y19),99 (x58 y19),99 (x59 y19),99 (x60 y19),99 (x61 y19),97 (x62 y19),97 (x63 y19),97 (x64 y19),97 (x65 y19),97 (x66 y19),97 (x67 y19),99 (x68 y19),99 (x69 y19),99 (x70 y19),99 (x71 y19),99 (x72 y19),99 (x73 y19),99 (x74 y19),99 (x75 y19),99 (x76 y19),99 (x77 y19),99 (x78 y19),99 (x79 y19),99 (x80 y19),99 (x81 y19),99 (x82 y19),99 (x83 y19),99 (x84 y21),99 (x85 y21),99 (x86 y21),99 (x87 y21),99 (x88 y21),99 (x89 y21),99 (x90 y21),99 (x91 y21),99 (x92 y21),99 (x93 y21),99 (x93 y20),99 (x94 y20),99 (x95 y20),99 (x96 y20),99 (x97 y20),99 (x98 y20),99 (x99 y20),99 (x100 y20),99 (x101 y20),99 (x102 y20),99 (x103 y20),99 (x104 y20),99 (x105 y20),99 (x106 y20),99 (x107 y20),99 (x108 y20),99 (x109 y20),99 (x110 y20),99 (x111 y20),99 (x112 y20),97 (x113 y20),97 (x114 y20),.,.,.,97 (x119 y19),97 (x120 y19),97 (x121 y19),97 (x122 y19),97 (x123 y19),97 (x124 y19),99 (x125 y19),106 (x126 y21),106 (x127 y21),106 (x128 y21),114 (x129 y21),114 (x130 y21),114 (x131 y21),116 (x132 y21),116 (x133 y21),116 (x134 y21),.,120 (x136 y21),120 (x137 y21),122 (x139 y20),122 (x140 y20),122 (x140 y21),122 (x141 y21),.,.,.,.,118 (x147 y20),118 (x147 y19),118 (x148 y19),114 (x150 y20),114 (x150 y19),110 (x152 y20),110 (x152 y19),110 (x153 y19),101 (x155 y20),101 (x155 y19),101 (x156 y19),99 (x157 y21),99 (x158 y21),99 (x159 y21),99 (x160 y21),99 (x161 y21),99 (x162 y21),
21,97 (x0 y20),98 (x1 y20),99 (x1 y21),97 (x3 y20),97 (x4 y20),97 (x5 y20),97 (x6 y20),97 (x6 y21),99 (x8 y22),99 (x9 y22),99 (x10 y22),99 (x11 y22),99 (x11 y21),99 (x12 y21),99 (x13 y21),97 (x15 y22),97 (x16 y22),97 (x17 y22),97 (x18 y22),97 (x19 y22),97 (x19 y21),99 (x21 y20),99 (x22 y20),97 (x23 y20),97 (x24 y20),97 (x25 y20),97 (x26 y20),99 (x27 y20),99 (x28 y20),99 (x29 y20),99 (x30 y20),99 (x31 y20),99 (x32 y20),99 (x33 y20),99 (x34 y20),99 (x35 y20),99 (x36 y20),99 (x37 y20),99 (x38 y20),99 (x39 y20),99 (x40 y20),99 (x41 y20),97 (x42 y20),97 (x43 y20),97 (x44 y20),97 (x45 y20),97 (x46 y20),97 (x47 y20),97 (x48 y20),97 (x49 y20),97 (x50 y20),99 (x51 y20),99 (x52 y20),99 (x53 y20),99 (x54 y20),99 (x55 y20),99 (x56 y20),99 (x57 y22),99 (x58 y22),99 (x59 y22),99 (x60 y22),99 (x61 y22),99 (x62 y22),99 (x63 y22),97 (x64 y22),97 (x65 y22),99 (x66 y22),99 (x67 y22),99 (x68 y22),99 (x69 y22),99 (x70 y22),99 (x71 y22),99 (x72 y22),99 (x73 y22),99 (x74 y22),99 (x75 y22),99 (x76 y22),99 (x77 y22),99 (x78 y22),99 (x79 y22),99 (x80 y22),99 (x81 y22),99 (x82 y22),99 (x83 y22),99 (x84 y22),99 (x85 y22),99 (x86 y22),99 (x87 y22),99 (x88 y22),99 (x89 y22),99 (x90 y22),99 (x90 y21),99 (x91 y21),99 (x92 y21),97 (x94 y22),97 (x95 y22),99 (x96 y20),99 (x97 y20),99 (x98 y20),99 (x99 y20),99 (x100 y20),99 (x101 y20),99 (x102 y20),99 (x103 y20),99 (x104 y20),99 (x105 y20),97 (x106 y20),97 (x107 y20),99 (x108 y20),99 (x109 y20),99 (x110 y20),99 (x111 y20),97 (x112 y20),99 (x113 y20),97 (x114 y20),97 (x115 y20),97 (x115 y21),97 (x116 y21),.,97 (x119 y22),97 (x120 y22),97 (x121 y22),97 (x122 y22),97 (x123 y22),97 (x124 y22),97 (x125 y22),106 (x126 y22),106 (x127 y22),106 (x128 y22),114 (x129 y22),114 (x130 y22),114 (x131 y22),116 (x132 y22),116 (x133 y22),116 (x134 y22),120 (x136 y21),120 (x136 y22),120 (x137 y22),120 (x138 y22),120 (x139 y22),121 (x140 y22),121 (x141 y22),121 (x142 y22),.,.,118 (x146 y21),118 (x146 y20),118 (x147 y20),114 (x149 y21),114 (x149 y20),114 (x150 y20),110 (x151 y20),110 (x152 y20),110 (x153 y20),102 (x154 y20),102 (x155 y20),102 (x156 y20),99 (x157 y22),99 (x158 y22),99 (x159 y22),99 (x160 y22),99 (x161 y22),99 (x162 y22),
22,97 (x0 y21),98 (x1 y21),99 (x2 y21),97 (x3 y21),97 (x4 y21),99 (x5 y23),99 (x6 y23),99 (x7 y23),99 (x8 y23),99 (x9 y23),99 (x10 y23),99 (x11 y23),97 (x12 y23),97 (x13 y23),97 (x14 y23),97 (x15 y23),97 (x16 y23),97 (x17 y23),97 (x18 y23),97 (x19 y23),99 (x21 y22),99 (x21 y21),99 (x22 y21),97 (x23 y21),97 (x24 y21),97 (x25 y21),97 (x26 y21),99 (x27 y21),99 (x28 y21),99 (x29 y21),99 (x30 y21),99 (x31 y21),99 (x32 y21),99 (x33 y21),99 (x34 y21),99 (x35 y21),99 (x36 y21),99 (x37 y21),99 (x38 y21),99 (x39 y21),99 (x40 y21),99 (x41 y21),99 (x41 y22),97 (x43 y21),97 (x44 y21),97 (x45 y21),97 (x46 y21),97 (x47 y21),97 (x48 y21),97 (x49 y21),97 (x50 y21),97 (x51 y23),97 (x52 y23),99 (x53 y21),99 (x54 y21),99 (x55 y21),99 (x56 y23),99 (x57 y23),99 (x58 y23),99 (x59 y23),99 (x60 y23),99 (x61 y23),99 (x62 y23),99 (x63 y23),99 (x64 y23),99 (x65 y23),99 (x66 y23),99 (x67 y23),99 (x68 y23),99 (x69 y23),99 (x70 y23),99 (x70 y22),99 (x71 y22),99 (x72 y22),99 (x73 y22),99 (x74 y22),99 (x75 y22),99 (x76 y22),99 (x77 y22),99 (x78 y22),99 (x79 y22),99 (x80 y22),99 (x81 y22),99 (x82 y22),99 (x83 y22),99 (x84 y22),99 (x85 y22),99 (x86 y22),99 (x87 y22),99 (x88 y22),99 (x89 y22),97 (x90 y22),97 (x91 y22),97 (x92 y22),97 (x93 y22),97 (x94 y22),99 (x96 y21),99 (x97 y21),99 (x98 y21),99 (x99 y21),99 (x100 y21),99 (x101 y21),99 (x102 y21),99 (x103 y21),99 (x104 y21),99 (x105 y21),97 (x106 y21),97 (x107 y21),99 (x108 y21),99 (x109 y21),99 (x110 y21),99 (x111 y21),97 (x112 y21),97 (x113 y21),97 (x114 y21),97 (x115 y21),97 (x116 y21),97 (x117 y21),97 (x117 y22),97 (x118 y22),97 (x119 y22),97 (x120 y22),97 (x121 y22),97 (x122 y22),97 (x123 y22),97 (x124 y22),106 (x127 y22),106 (x127 y23),106 (x128 y23),113 (x130 y22),113 (x130 y23),113 (x131 y23),116 (x133 y22),116 (x134 y22),116 (x134 y23),116 (x135 y23),120 (x137 y22),120 (x138 y22),120 (x138 y23),120 (x139 y23),121 (x140 y23),121 (x141 y23),121 (x141 y22),121 (x142 y22),.,.,118 (x146 y21),118 (x147 y21),114 (x148 y21),114 (x149 y21),114 (x150 y21),110 (x151 y21),110 (x152 y21),110 (x153 y21),102 (x154 y21),102 (x155 y21),102 (x156 y21),99 (x157 y23),99 (x158 y23),99 (x159 y23),99 (x160 y23),99 (x161 y23),99 (x162 y23),
23,97 (x0 y22),98 (x1 y22),99 (x2 y22),99 (x2 y23),99 (x3 y23),99 (x4 y23),99 (x5 y23),99 (x6 y23),99 (x7 y23),99 (x8 y23),99 (x9 y23),99 (x10 y23),97 (x11 y23),97 (x12 y23),97 (x13 y23),97 (x14 y23),97 (x15 y23),97 (x16 y23),97 (x17 y23),97 (x18 y23),97 (x19 y23),99 (x21 y22),99 (x22 y24),99 (x23 y24),99 (x24 y24),99 (x25 y24),99 (x26 y24),99 (x27 y24),99 (x28 y24),99 (x29 y24),99 (x30 y24),99 (x31 y24),99 (x32 y24),99 (x33 y24),99 (x34 y24),99 (x35 y24),99 (x36 y24),99 (x37 y24),99 (x38 y24),99 (x39 y24),99 (x40 y24),97 (x41 y24),97 (x42 y24),97 (x43 y24),97 (x44 y24),97 (x45 y24),97 (x46 y24),97 (x47 y24),97 (x48 y24),97 (x49 y24),97 (x49 y23),97 (x51 y24),97 (x52 y24),97 (x53 y24),99 (x54 y22),99 (x55 y24),99 (x56 y24),99 (x57 y24),99 (x58 y24),99 (x59 y24),99 (x60 y24),99 (x61 y24),99 (x62 y24),99 (x63 y24),99 (x64 y24),99 (x65 y24),99 (x66 y24),99 (x66 y23),99 (x67 y23),99 (x68 y23),99 (x69 y23),97 (x71 y24),97 (x72 y24),99 (x73 y22),99 (x74 y22),99 (x75 y22),99 (x76 y22),99 (x77 y22),99 (x78 y22),99 (x79 y22),99 (x80 y22),99 (x81 y22),99 (x82 y22),99 (x83 y22),99 (x84 y22),99 (x85 y22),99 (x86 y22),99 (x87 y22),99 (x88 y22),99 (x89 y22),99 (x90 y22),99 (x90 y23),97 (x92 y22),97 (x93 y22),97 (x94 y22),97 (x95 y22),97 (x95 y23),99 (x97 y22),99 (x98 y22),99 (x99 y22),99 (x100 y22),99 (x101 y22),99 (x102 y22),97 (x103 y22),97 (x104 y22),99 (x105 y22),97 (x106 y22),97 (x107 y22),97 (x108 y22),97 (x109 y22),97 (x110 y22),99 (x111 y22),99 (x111 y23),97 (x113 y22),97 (x114 y22),97 (x115 y22),97 (x116 y22),99 (x117 y24),97 (x118 y22),97 (x119 y22),97 (x120 y22),97 (x121 y22),97 (x122 y22),97 (x123 y22),97 (x124 y22),97 (x125 y22),99 (x126 y24),106 (x127 y24),106 (x128 y24),106 (x129 y24),113 (x131 y23),113 (x131 y24),113 (x132 y24),113 (x133 y24),116 (x135 y23),116 (x135 y24),116 (x136 y24),116 (x137 y24),120 (x138 y24),120 (x139 y24),121 (x139 y23),121 (x140 y23),119 (x142 y24),.,.,.,.,119 (x147 y22),118 (x147 y23),114 (x149 y22),114 (x150 y22),110 (x151 y22),110 (x152 y22),110 (x153 y22),102 (x154 y22),102 (x155 y22),102 (x156 y22),99 (x157 y24),99 (x158 y24),99 (x159 y24),99 (x160 y24),99 (x161 y24),99 (x162 y24),
24,97 (x0 y23),98 (x1 y23),99 (x2 y23),99 (x3 y23),99 (x4 y23),99 (x5 y23),99 (x6 y23),99 (x7 y23),99 (x8 y23),99 (x9 y23),99 (x10 y23),99 (x11 y23),97 (x12 y23),97 (x13 y23),97 (x14 y23),97 (x15 y23),97 (x16 y23),97 (x17 y23),97 (x18 y23),97 (x19 y23),97 (x20 y23),97 (x20 y24),99 (x22 y25),99 (x23 y25),99 (x24 y25),99 (x25 y25),99 (x26 y25),99 (x27 y25),99 (x28 y25),99 (x29 y25),99 (x30 y25),99 (x31 y25),99 (x32 y25),99 (x33 y25),99 (x34 y25),99 (x35 y25),99 (x36 y25),99 (x37 y25),99 (x38 y25),99 (x39 y25),99 (x40 y25),97 (x41 y25),97 (x42 y25),97 (x43 y25),97 (x44 y25),97 (x45 y25),97 (x46 y25),97 (x47 y25),97 (x48 y25),97 (x49 y25),.,97 (x51 y25),97 (x52 y25),97 (x53 y25),99 (x55 y24),99 (x56 y24),99 (x57 y24),99 (x57 y25),99 (x58 y25),99 (x59 y25),99 (x60 y25),99 (x61 y25),99 (x62 y25),99 (x63 y25),99 (x64 y25),99 (x65 y25),99 (x66 y25),97 (x67 y25),97 (x68 y25),97 (x69 y25),99 (x70 y23),97 (x71 y25),97 (x72 y25),99 (x73 y23),99 (x74 y23),99 (x75 y23),99 (x76 y23),99 (x77 y23),99 (x78 y23),99 (x79 y23),99 (x80 y23),99 (x81 y23),99 (x82 y23),99 (x83 y23),99 (x84 y23),99 (x85 y23),99 (x86 y23),99 (x87 y23),99 (x88 y23),99 (x89 y23),99 (x90 y23),99 (x91 y23),97 (x92 y23),97 (x93 y23),97 (x94 y23),97 (x95 y23),97 (x96 y23),99 (x97 y23),99 (x98 y23),99 (x99 y23),99 (x100 y23),99 (x101 y23),99 (x102 y23),97 (x103 y23),97 (x104 y23),97 (x105 y23),97 (x106 y23),97 (x107 y23),97 (x108 y23),97 (x109 y23),97 (x110 y23),99 (x111 y23),99 (x112 y23),97 (x113 y23),97 (x114 y23),97 (x115 y23),97 (x116 y23),99 (x118 y24),99 (x118 y25),99 (x119 y25),99 (x120 y25),97 (x121 y23),97 (x122 y23),97 (x123 y23),99 (x124 y25),99 (x125 y25),99 (x126 y25),106 (x128 y24),106 (x128 y25),106 (x129 y25),106 (x130 y25),113 (x132 y24),113 (x132 y25),113 (x133 y25),113 (x134 y25),116 (x135 y25),116 (x136 y25),116 (x137 y25),120 (x138 y25),119 (x139 y25),121 (x140 y23),119 (x141 y25),119 (x142 y25),119 (x143 y25),.,.,119 (x147 y24),119 (x147 y23),119 (x148 y23),114 (x149 y23),114 (x150 y23),110 (x151 y23),110 (x152 y23),110 (x153 y23),102 (x154 y23),102 (x155 y23),102 (x156 y23),99 (x157 y25),99 (x158 y25),99 (x159 y25),99 (x160 y25),99 (x161 y25),99 (x162 y25),
25,97 (x0 y24),98 (x1 y24),99 (x2 y24),99 (x3 y24),99 (x4 y24),99 (x5 y24),99 (x6 y24),99 (x7 y24),99 (x8 y24),99 (x9 y24),99 (x10 y24),99 (x11 y24),99 (x11 y25),99 (x12 y25),99 (x13 y25),97 (x15 y24),97 (x16 y24),97 (x17 y24),97 (x18 y24),97 (x19 y24),97 (x20 y24),97 (x21 y24),99 (x22 y26),99 (x23 y26),99 (x24 y26),99 (x25 y26),99 (x26 y26),99 (x27 y26),99 (x28 y26),99 (x29 y26),99 (x30 y26),99 (x31 y26),99 (x32 y26),99 (x33 y26),99 (x34 y26),99 (x35 y26),99 (x36 y26),99 (x37 y26),99 (x38 y26),99 (x39 y26),99 (x39 y25),97 (x41 y26),97 (x42 y26),97 (x43 y26),97 (x44 y26),97 (x45 y26),97 (x46 y26),97 (x47 y26),97 (x48 y26),97 (x49 y26),97 (x50 y26),97 (x51 y26),97 (x52 y26),97 (x53 y26),97 (x54 y26),97 (x55 y26),97 (x56 y26),99 (x57 y26),99 (x58 y26),99 (x59 y26),99 (x60 y26),99 (x61 y26),99 (x62 y26),99 (x63 y26),99 (x64 y26),99 (x65 y26),99 (x66 y26),99 (x67 y26),97 (x68 y26),97 (x69 y26),97 (x70 y26),97 (x71 y26),97 (x72 y26),99 (x73 y24),99 (x74 y24),99 (x75 y26),99 (x76 y26),99 (x77 y26),99 (x78 y26),99 (x79 y26),99 (x80 y26),99 (x81 y26),99 (x82 y26),99 (x83 y26),99 (x84 y26),99 (x85 y26),99 (x86 y26),99 (x87 y26),99 (x88 y26),99 (x89 y26),99 (x90 y26),97 (x91 y26),97 (x92 y26),97 (x93 y26),97 (x94 y26),97 (x95 y26),99 (x97 y25),99 (x97 y24),99 (x98 y24),97 (x99 y26),97 (x100 y26),99 (x101 y24),99 (x102 y24),99 (x102 y25),99 (x103 y25),97 (x105 y26),97 (x106 y26),97 (x107 y26),97 (x108 y26),99 (x110 y25),99 (x111 y25),99 (x111 y24),99 (x112 y24),97 (x113 y24),97 (x114 y24),99 (x115 y26),97 (x116 y24),97 (x116 y25),99 (x118 y26),99 (x119 y26),99 (x120 y26),97 (x121 y24),97 (x122 y24),97 (x123 y24),99 (x124 y26),99 (x125 y26),99 (x126 y26),99 (x127 y26),106 (x129 y25),106 (x129 y26),106 (x130 y26),105 (x131 y26),113 (x133 y25),113 (x133 y26),113 (x134 y26),116 (x136 y25),116 (x136 y26),116 (x137 y26),119 (x138 y26),119 (x139 y26),121 (x140 y24),119 (x142 y25),119 (x143 y25),119 (x144 y25),119 (x145 y25),119 (x146 y25),119 (x146 y24),119 (x147 y24),119 (x148 y24),114 (x149 y24),114 (x150 y24),114 (x150 y25),111 (x152 y24),111 (x153 y24),102 (x154 y24),102 (x155 y24),102 (x156 y24),99 (x157 y26),99 (x158 y26),99 (x159 y26),99 (x160 y26),99 (x161 y26),99 (x162 y26),
26,97 (x0 y25),98 (x1 y25),99 (x2 y25),99 (x3 y25),99 (x4 y25),99 (x5 y25),99 (x6 y25),99 (x7 y25),99 (x8 y25),99 (x9 y25),99 (x10 y25),99 (x11 y25),99 (x12 y25),99 (x13 y25),99 (x14 y25),97 (x15 y25),97 (x16 y25),97 (x17 y25),99 (x18 y27),99 (x19 y27),99 (x20 y27),99 (x21 y27),99 (x22 y27),99 (x23 y27),99 (x24 y27),99 (x25 y27),99 (x26 y27),99 (x27 y27),99 (x28 y27),99 (x28 y26),99 (x29 y26),99 (x30 y26),99 (x31 y26),99 (x32 y26),99 (x33 y26),99 (x34 y26),99 (x35 y26),99 (x36 y26),99 (x37 y26),99 (x38 y26),97 (x39 y26),97 (x40 y26),97 (x41 y26),97 (x42 y26),97 (x43 y26),97 (x44 y26),97 (x45 y26),97 (x46 y26),97 (x47 y26),97 (x48 y26),97 (x49 y26),97 (x50 y26),97 (x51 y26),97 (x52 y26),97 (x53 y26),97 (x54 y26),97 (x55 y26),99 (x57 y27),99 (x58 y27),99 (x59 y27),99 (x60 y27),99 (x61 y27),99 (x62 y27),99 (x63 y27),99 (x64 y27),99 (x65 y27),99 (x66 y27),99 (x67 y27),99 (x67 y26),97 (x69 y27),97 (x70 y27),97 (x71 y27),97 (x72 y27),97 (x73 y27),97 (x74 y27),99 (x75 y27),99 (x76 y27),99 (x77 y27),99 (x78 y27),99 (x79 y27),99 (x80 y27),99 (x81 y27),99 (x82 y27),99 (x83 y27),99 (x84 y27),99 (x85 y27),99 (x86 y27),99 (x87 y27),99 (x88 y27),99 (x89 y27),99 (x90 y27),99 (x91 y27),99 (x92 y27),99 (x93 y27),97 (x94 y27),97 (x95 y27),97 (x96 y27),99 (x97 y25),97 (x98 y27),97 (x99 y27),97 (x100 y27),99 (x101 y25),99 (x102 y25),99 (x103 y25),99 (x104 y25),97 (x105 y27),97 (x106 y27),97 (x106 y26),97 (x107 y26),97 (x109 y27),99 (x110 y25),99 (x111 y25),99 (x112 y25),99 (x112 y26),99 (x113 y26),99 (x114 y26),99 (x115 y26),99 (x116 y26),99 (x117 y26),99 (x118 y26),99 (x119 y26),99 (x120 y26),99 (x121 y26),99 (x122 y26),99 (x123 y26),99 (x124 y26),99 (x125 y26),99 (x126 y26),99 (x127 y26),105 (x130 y26),105 (x130 y27),105 (x131 y27),105 (x132 y27),113 (x133 y27),113 (x134 y27),113 (x135 y27),116 (x136 y27),116 (x137 y27),119 (x139 y26),119 (x140 y26),119 (x141 y26),119 (x141 y25),119 (x142 y25),115 (x143 y27),119 (x144 y25),119 (x145 y25),119 (x146 y25),119 (x147 y25),114 (x149 y26),114 (x149 y25),114 (x150 y25),114 (x151 y25),111 (x152 y25),111 (x153 y25),102 (x154 y25),102 (x155 y25),102 (x156 y25),99 (x158 y26),99 (x158 y27),99 (x159 y27),99 (x160 y27),99 (x161 y27),99 (x162 y27),
27,97 (x0 y26),98 (x1 y26),99 (x2 y26),99 (x3 y26),99 (x4 y26),99 (x5 y26),99 (x6 y26),99 (x7 y26),99 (x8 y26),99 (x9 y26),99 (x10 y26),99 (x11 y26),99 (x12 y26),99 (x13 y26),99 (x14 y26),97 (x15 y26),97 (x16 y26),99 (x17 y28),99 (x18 y28),99 (x19 y28),99 (x20 y28),99 (x21 y28),99 (x22 y28),99 (x23 y28),99 (x24 y28),99 (x25 y28),99 (x26 y28),99 (x27 y28),99 (x28 y28),97 (x29 y28),97 (x30 y28),97 (x31 y28),97 (x32 y28),99 (x33 y26),99 (x34 y26),99 (x35 y26),99 (x36 y26),99 (x37 y26),99 (x38 y26),99 (x39 y26),97 (x40 y26),97 (x41 y26),97 (x42 y26),97 (x43 y26),97 (x44 y26),97 (x45 y26),97 (x46 y26),97 (x47 y26),99 (x48 y28),99 (x48 y27),97 (x50 y26),97 (x51 y26),97 (x52 y26),97 (x53 y26),97 (x54 y26),99 (x55 y28),99 (x56 y28),99 (x57 y28),99 (x58 y28),99 (x59 y28),99 (x60 y28),99 (x60 y27),99 (x61 y27),99 (x62 y27),99 (x63 y27),99 (x64 y27),99 (x65 y27),99 (x66 y27),97 (x67 y27),97 (x68 y27),97 (x69 y27),97 (x70 y27),97 (x71 y27),97 (x72 y27),97 (x73 y27),99 (x75 y28),99 (x76 y28),99 (x77 y28),99 (x78 y28),99 (x79 y28),99 (x80 y28),99 (x80 y27),99 (x81 y27),99 (x82 y27),99 (x83 y27),99 (x84 y27),99 (x85 y27),99 (x86 y27),99 (x87 y27),99 (x88 y27),99 (x89 y27),99 (x90 y27),99 (x91 y27),99 (x92 y27),97 (x93 y27),97 (x94 y27),97 (x95 y27),97 (x96 y27),97 (x97 y27),97 (x98 y27),97 (x99 y27),99 (x101 y26),99 (x102 y26),99 (x103 y26),97 (x104 y28),97 (x105 y28),97 (x106 y28),.,97 (x109 y27),97 (x109 y28),99 (x110 y26),99 (x111 y26),99 (x112 y26),99 (x113 y26),99 (x114 y26),97 (x115 y26),97 (x116 y26),97 (x117 y26),97 (x118 y26),97 (x119 y26),99 (x120 y26),99 (x121 y26),99 (x122 y26),99 (x123 y26),99 (x124 y26),99 (x125 y26),99 (x126 y26),99 (x127 y26),99 (x128 y26),99 (x128 y27),105 (x130 y28),105 (x131 y28),105 (x132 y28),113 (x133 y28),113 (x134 y28),113 (x135 y28),116 (x136 y28),116 (x137 y28),119 (x138 y26),119 (x139 y26),119 (x140 y26),119 (x141 y26),115 (x143 y27),115 (x144 y27),115 (x145 y27),115 (x146 y27),115 (x147 y27),114 (x148 y27),114 (x148 y26),114 (x149 y26),114 (x150 y26),114 (x151 y26),111 (x152 y26),111 (x153 y26),102 (x154 y26),102 (x155 y26),102 (x156 y26),97 (x157 y28),99 (x158 y28),99 (x159 y28),99 (x160 y28),99 (x161 y28),99 (x162 y28),
28,97 (x0 y27),98 (x1 y27),99 (x2 y27),99 (x3 y27),99 (x4 y27),99 (x5 y27),99 (x6 y27),99 (x7 y27),99 (x8 y27),99 (x9 y27),99 (x10 y27),99 (x11 y27),99 (x12 y27),99 (x13 y27),99 (x14 y27),99 (x14 y28),99 (x15 y28),99 (x16 y28),99 (x17 y28),99 (x18 y28),99 (x19 y28),99 (x20 y28),99 (x21 y28),99 (x22 y28),99 (x23 y28),99 (x24 y28),99 (x25 y28),99 (x26 y28),99 (x27 y28),97 (x28 y28),97 (x29 y28),97 (x30 y28),97 (x31 y28),99 (x33 y27),99 (x34 y27),99 (x35 y27),99 (x36 y27),99 (x37 y27),99 (x38 y27),99 (x39 y27),99 (x39 y28),97 (x41 y27),99 (x42 y29),97 (x43 y27),97 (x44 y27),97 (x45 y27),99 (x46 y29),99 (x47 y29),99 (x47 y28),97 (x50 y28),97 (x50 y27),97 (x51 y27),97 (x52 y27),97 (x53 y27),97 (x54 y27),99 (x55 y29),99 (x56 y29),99 (x57 y29),99 (x58 y29),99 (x59 y29),99 (x60 y29),97 (x61 y29),97 (x62 y29),99 (x63 y27),99 (x64 y27),99 (x65 y27),99 (x66 y27),97 (x67 y27),97 (x68 y27),97 (x69 y27),97 (x70 y27),97 (x71 y27),97 (x72 y27),99 (x73 y29),99 (x74 y29),99 (x75 y29),99 (x76 y29),99 (x77 y29),99 (x78 y29),99 (x79 y29),99 (x80 y29),97 (x81 y29),97 (x82 y29),99 (x83 y27),97 (x84 y29),97 (x85 y29),99 (x86 y27),99 (x87 y27),99 (x88 y27),99 (x89 y27),99 (x90 y27),99 (x91 y27),99 (x92 y27),99 (x93 y27),97 (x94 y27),97 (x95 y27),97 (x96 y27),97 (x97 y27),97 (x98 y27),97 (x99 y27),99 (x101 y28),99 (x101 y27),99 (x102 y27),99 (x103 y27),97 (x105 y28),97 (x105 y29),97 (x106 y29),97 (x107 y29),.,97 (x109 y29),99 (x110 y27),99 (x111 y27),99 (x112 y27),99 (x113 y27),99 (x114 y27),97 (x115 y27),97 (x116 y27),97 (x117 y27),97 (x118 y27),97 (x119 y27),99 (x120 y27),99 (x121 y27),99 (x122 y27),99 (x123 y27),99 (x124 y27),99 (x125 y27),99 (x126 y27),99 (x127 y27),99 (x128 y27),99 (x129 y27),105 (x131 y28),105 (x131 y29),105 (x132 y29),113 (x133 y29),113 (x134 y29),113 (x135 y29),116 (x136 y29),115 (x137 y29),115 (x138 y29),119 (x139 y27),115 (x141 y28),115 (x142 y28),115 (x142 y27),115 (x143 y27),115 (x144 y27),115 (x145 y27),115 (x146 y27),114 (x147 y27),114 (x148 y27),114 (x149 y27),114 (x150 y27),111 (x152 y28),111 (x152 y27),111 (x153 y27),102 (x154 y27),102 (x155 y27),102 (x156 y27),97 (x157 y29),99 (x158 y29),99 (x159 y29),99 (x160 y29),99 (x161 y29),99 (x162 y29),
29,97 (x0 y28),98 (x1 y28),99 (x2 y28),99 (x3 y28),99 (x4 y28),99 (x5 y28),99 (x6 y28),99 (x7 y28),99 (x8 y28),99 (x9 y28),99 (x10 y28),99 (x11 y28),99 (x12 y28),99 (x13 y28),99 (x14 y28),99 (x15 y28),99 (x16 y28),99 (x17 y28),99 (x18 y28),99 (x19 y28),99 (x20 y28),99 (x21 y28),99 (x22 y28),99 (x23 y28),99 (x24 y28),99 (x25 y28),99 (x26 y28),99 (x27 y28),99 (x28 y28),97 (x29 y28),97 (x30 y28),97 (x31 y28),97 (x32 y28),99 (x33 y28),99 (x34 y28),99 (x35 y28),99 (x36 y28),99 (x37 y28),99 (x38 y28),99 (x39 y28),99 (x40 y28),99 (x41 y30),99 (x42 y30),97 (x43 y28),97 (x44 y28),97 (x45 y28),99 (x46 y30),99 (x47 y30),97 (x48 y30),97 (x49 y30),97 (x50 y28),97 (x51 y28),97 (x52 y28),97 (x53 y28),97 (x54 y28),99 (x55 y30),99 (x56 y30),99 (x57 y30),99 (x58 y30),99 (x58 y29),99 (x59 y29),97 (x61 y30),97 (x62 y30),97 (x63 y30),97 (x64 y30),99 (x65 y28),99 (x66 y28),97 (x67 y28),97 (x68 y28),99 (x69 y30),97 (x70 y28),97 (x71 y28),97 (x72 y28),99 (x73 y30),99 (x74 y30),99 (x75 y30),99 (x76 y30),99 (x77 y30),99 (x78 y30),99 (x79 y30),99 (x80 y30),97 (x81 y30),97 (x82 y30),97 (x83 y30),97 (x84 y30),97 (x85 y30),99 (x86 y28),99 (x87 y30),99 (x88 y30),99 (x89 y30),99 (x90 y30),99 (x91 y30),99 (x92 y30),99 (x93 y30),99 (x93 y29),97 (x95 y30),97 (x96 y30),97 (x97 y30),97 (x98 y30),97 (x99 y30),97 (x100 y30),97 (x101 y30),97 (x102 y30),99 (x103 y28),99 (x103 y29),97 (x105 y30),97 (x106 y30),97 (x107 y30),.,97 (x109 y30),99 (x110 y28),99 (x111 y28),99 (x112 y28),99 (x113 y28),99 (x114 y28),97 (x115 y28),97 (x116 y28),97 (x117 y28),97 (x118 y28),97 (x119 y28),97 (x120 y28),99 (x121 y28),99 (x122 y28),99 (x123 y28),99 (x124 y28),99 (x125 y28),99 (x126 y28),99 (x127 y28),99 (x128 y28),99 (x129 y28),99 (x129 y29),105 (x131 y30),105 (x132 y30),113 (x134 y29),113 (x134 y30),113 (x135 y30),115 (x137 y29),115 (x138 y29),115 (x139 y29),115 (x140 y29),115 (x140 y28),115 (x141 y28),115 (x142 y28),112 (x143 y30),112 (x144 y30),111 (x145 y30),115 (x146 y28),114 (x147 y28),114 (x148 y28),114 (x149 y28),111 (x151 y29),111 (x151 y28),111 (x152 y28),111 (x153 y28),102 (x154 y28),102 (x155 y28),102 (x156 y28),97 (x157 y30),99 (x158 y30),99 (x159 y30),99 (x160 y30),99 (x161 y30),99 (x162 y30),
30,97 (x0 y29),98 (x1 y29),99 (x2 y29),99 (x3 y29),99 (x4 y29),99 (x5 y29),97 (x6 y29),97 (x7 y29),97 (x8 y29),99 (x9 y29),99 (x10 y29),99 (x11 y29),99 (x12 y29),99 (x13 y29),99 (x14 y29),99 (x15 y29),99 (x16 y29),99 (x17 y29),99 (x18 y29),99 (x19 y29),99 (x20 y29),99 (x21 y29),99 (x22 y29),99 (x23 y29),99 (x24 y29),99 (x25 y29),99 (x26 y29),99 (x27 y29),99 (x28 y29),99 (x28 y30),97 (x30 y29),97 (x31 y29),97 (x32 y29),99 (x33 y31),99 (x34 y31),99 (x35 y31),99 (x36 y31),99 (x37 y31),99 (x38 y31),99 (x39 y31),99 (x40 y31),99 (x41 y31),99 (x42 y31),99 (x43 y31),99 (x44 y31),99 (x45 y31),99 (x46 y31),99 (x47 y31),97 (x48 y31),97 (x49 y31),97 (x50 y31),99 (x51 y31),97 (x52 y31),97 (x53 y31),97 (x54 y31),99 (x55 y31),99 (x56 y31),99 (x57 y31),99 (x58 y31),97 (x59 y31),97 (x60 y31),97 (x61 y31),97 (x62 y31),97 (x63 y31),97 (x63 y30),99 (x65 y31),99 (x66 y31),99 (x67 y31),99 (x68 y31),99 (x69 y31),97 (x70 y31),97 (x71 y31),97 (x72 y31),99 (x73 y31),99 (x74 y31),99 (x75 y31),99 (x76 y31),99 (x77 y31),99 (x78 y31),99 (x79 y31),99 (x80 y31),97 (x81 y31),97 (x82 y31),97 (x83 y31),97 (x84 y31),97 (x85 y31),97 (x86 y31),99 (x87 y31),99 (x88 y31),99 (x89 y31),99 (x90 y31),99 (x91 y31),99 (x92 y31),99 (x92 y30),97 (x94 y31),97 (x95 y31),97 (x96 y31),97 (x97 y31),97 (x98 y31),97 (x99 y31),97 (x100 y31),97 (x101 y31),97 (x102 y31),97 (x103 y31),97 (x104 y31),97 (x105 y31),97 (x106 y31),97 (x107 y31),97 (x108 y31),97 (x109 y31),97 (x110 y31),99 (x111 y29),99 (x112 y29),99 (x113 y29),99 (x114 y29),97 (x115 y29),97 (x116 y29),97 (x117 y29),97 (x118 y29),97 (x119 y29),97 (x120 y29),99 (x121 y29),99 (x122 y29),99 (x123 y29),99 (x124 y29),99 (x125 y29),99 (x126 y29),97 (x127 y29),99 (x128 y29),99 (x129 y29),99 (x130 y29),105 (x131 y31),105 (x132 y31),105 (x133 y31),113 (x134 y31),113 (x135 y31),112 (x136 y31),115 (x137 y29),115 (x138 y29),115 (x139 y29),115 (x140 y29),115 (x141 y29),112 (x143 y30),112 (x144 y30),112 (x145 y30),112 (x146 y30),111 (x147 y30),111 (x148 y30),111 (x149 y30),111 (x150 y30),111 (x150 y29),111 (x151 y29),111 (x152 y29),103 (x154 y30),102 (x154 y29),102 (x155 y29),97 (x156 y31),97 (x157 y31),99 (x159 y30),99 (x159 y31),99 (x160 y31),99 (x161 y31),99 (x162 y31),
31,97 (x0 y30),98 (x1 y30),99 (x2 y30),99 (x3 y30),99 (x4 y30),99 (x5 y30),97 (x6 y30),97 (x7 y30),97 (x8 y30),97 (x9 y30),97 (x10 y30),97 (x11 y30),99 (x12 y30),99 (x13 y30),99 (x14 y30),97 (x15 y30),97 (x16 y30),97 (x17 y30),99 (x18 y30),99 (x19 y30),99 (x20 y30),99 (x21 y30),99 (x22 y30),99 (x23 y30),99 (x24 y30),99 (x25 y30),99 (x26 y30),99 (x27 y30),99 (x28 y30),99 (x29 y30),99 (x29 y31),99 (x30 y31),99 (x31 y31),99 (x32 y31),99 (x33 y31),99 (x34 y31),99 (x35 y31),99 (x36 y31),99 (x37 y31),99 (x38 y31),99 (x39 y31),99 (x40 y31),99 (x41 y31),99 (x42 y31),99 (x43 y31),99 (x44 y31),99 (x45 y31),99 (x46 y31),99 (x47 y31),99 (x48 y31),99 (x49 y31),99 (x50 y31),99 (x51 y31),99 (x52 y31),97 (x53 y31),99 (x55 y32),99 (x56 y32),99 (x57 y32),99 (x58 y32),97 (x59 y32),97 (x60 y32),97 (x61 y32),97 (x62 y32),97 (x63 y32),99 (x65 y31),99 (x65 y32),99 (x66 y32),99 (x67 y32),99 (x68 y32),99 (x69 y32),99 (x70 y32),99 (x71 y32),99 (x72 y32),99 (x73 y32),99 (x74 y32),99 (x75 y32),99 (x76 y32),99 (x77 y32),99 (x78 y32),99 (x79 y32),99 (x80 y32),97 (x81 y32),97 (x82 y32),97 (x83 y32),97 (x84 y32),97 (x85 y32),97 (x86 y32),99 (x87 y32),99 (x88 y32),99 (x89 y32),99 (x90 y32),99 (x91 y32),99 (x92 y32),97 (x93 y32),97 (x94 y32),97 (x95 y32),97 (x96 y32),97 (x97 y32),97 (x98 y32),97 (x99 y32),97 (x99 y31),97 (x100 y31),97 (x101 y31),97 (x102 y31),97 (x103 y31),97 (x104 y31),97 (x105 y31),97 (x106 y31),97 (x107 y31),97 (x108 y31),97 (x109 y31),99 (x111 y30),99 (x112 y30),99 (x113 y30),99 (x114 y30),97 (x115 y30),97 (x116 y30),97 (x117 y30),97 (x118 y30),97 (x119 y30),97 (x120 y30),99 (x121 y30),99 (x122 y30),99 (x123 y30),97 (x124 y30),97 (x125 y30),97 (x126 y30),97 (x127 y30),99 (x128 y30),99 (x129 y30),99 (x130 y30),105 (x132 y31),105 (x132 y32),105 (x133 y32),113 (x135 y31),113 (x136 y31),112 (x137 y31),112 (x138 y31),112 (x139 y31),112 (x140 y31),112 (x141 y31),112 (x142 y31),112 (x142 y30),112 (x143 y30),112 (x144 y30),112 (x145 y30),111 (x146 y30),111 (x147 y30),111 (x148 y30),111 (x149 y30),111 (x150 y30),111 (x151 y30),103 (x153 y31),103 (x153 y30),103 (x154 y30),102 (x155 y30),97 (x156 y32),97 (x157 y32),97 (x158 y32),99 (x159 y32),99 (x160 y32),99 (x161 y32),99 (x162 y32),
32,97 (x0 y31),98 (x1 y31),99 (x2 y31),99 (x3 y31),99 (x4 y31),97 (x5 y31),97 (x6 y31),97 (x7 y31),97 (x8 y31),97 (x9 y31),97 (x10 y31),97 (x11 y31),99 (x12 y31),99 (x13 y31),99 (x14 y31),97 (x15 y31),97 (x16 y31),97 (x17 y31),99 (x18 y31),99 (x19 y31),99 (x20 y31),99 (x21 y31),99 (x22 y31),99 (x23 y31),99 (x24 y31),99 (x25 y31),99 (x26 y31),99 (x27 y31),99 (x28 y31),99 (x29 y31),99 (x30 y31),99 (x31 y31),99 (x32 y31),99 (x33 y31),99 (x34 y31),99 (x35 y31),99 (x36 y31),99 (x37 y31),99 (x38 y31),99 (x39 y31),99 (x40 y31),99 (x41 y31),99 (x42 y31),99 (x43 y31),99 (x44 y31),99 (x45 y31),99 (x46 y31),99 (x47 y31),99 (x48 y31),99 (x49 y31),99 (x50 y31),99 (x51 y31),99 (x52 y31),99 (x53 y31),99 (x53 y32),99 (x54 y32),99 (x55 y32),99 (x56 y32),99 (x57 y32),99 (x58 y32),97 (x59 y32),97 (x60 y32),97 (x61 y32),97 (x62 y32),97 (x63 y32),99 (x65 y33),99 (x66 y33),99 (x67 y33),99 (x68 y33),99 (x69 y33),99 (x69 y32),99 (x70 y32),99 (x71 y32),99 (x72 y32),99 (x73 y32),99 (x74 y32),99 (x75 y32),99 (x76 y32),99 (x77 y32),99 (x78 y32),99 (x79 y32),97 (x80 y32),97 (x81 y32),97 (x82 y32),97 (x83 y32),97 (x84 y32),97 (x85 y32),99 (x87 y33),99 (x88 y33),99 (x89 y33),99 (x90 y33),99 (x91 y33),99 (x92 y33),97 (x93 y33),97 (x94 y33),97 (x95 y33),99 (x96 y33),97 (x97 y33),97 (x98 y33),97 (x99 y33),99 (x100 y33),99 (x101 y33),99 (x102 y33),99 (x103 y33),97 (x104 y31),97 (x105 y31),97 (x106 y31),97 (x107 y31),97 (x108 y31),97 (x109 y31),99 (x111 y32),99 (x111 y31),99 (x112 y31),99 (x113 y31),99 (x114 y31),99 (x114 y32),99 (x115 y32),97 (x117 y31),97 (x118 y31),99 (x119 y33),99 (x121 y32),99 (x121 y31),99 (x122 y31),99 (x123 y31),97 (x124 y31),97 (x125 y31),97 (x126 y31),97 (x127 y31),97 (x128 y31),97 (x129 y31),99 (x130 y31),99 (x130 y32),105 (x132 y33),105 (x133 y33),105 (x134 y33),112 (x135 y31),112 (x136 y31),112 (x137 y31),112 (x138 y31),112 (x139 y31),112 (x140 y31),112 (x141 y31),112 (x142 y31),104 (x144 y32),103 (x145 y32),103 (x146 y32),103 (x147 y32),103 (x148 y32),103 (x149 y32),103 (x150 y32),103 (x151 y32),103 (x152 y32),103 (x152 y31),103 (x153 y31),103 (x154 y31),97 (x155 y33),97 (x156 y33),97 (x157 y33),97 (x158 y33),99 (x159 y33),99 (x160 y33),99 (x161 y33),99 (x162 y33),
33,97 (x0 y32),98 (x1 y32),99 (x2 y32),99 (x3 y32),97 (x4 y32),97 (x5 y32),97 (x6 y32),97 (x7 y32),97 (x8 y32),97 (x9 y32),97 (x10 y32),97 (x11 y32),99 (x12 y32),99 (x13 y32),99 (x14 y32),97 (x15 y32),97 (x16 y32),97 (x17 y32),99 (x18 y32),97 (x19 y32),97 (x20 y32),97 (x21 y32),99 (x22 y32),99 (x23 y32),99 (x24 y32),99 (x25 y32),99 (x26 y32),99 (x27 y32),99 (x28 y32),99 (x29 y32),99 (x30 y32),99 (x31 y32),99 (x32 y32),99 (x33 y32),99 (x34 y32),99 (x35 y32),99 (x36 y32),99 (x37 y32),99 (x38 y32),99 (x39 y32),99 (x40 y32),99 (x41 y32),99 (x42 y32),97 (x43 y32),97 (x44 y32),99 (x45 y32),99 (x46 y32),99 (x47 y32),99 (x48 y32),99 (x49 y32),99 (x50 y32),99 (x51 y32),99 (x52 y32),99 (x53 y32),99 (x54 y32),99 (x55 y32),99 (x56 y32),99 (x57 y32),99 (x58 y32),99 (x59 y32),97 (x60 y32),97 (x61 y32),99 (x62 y34),97 (x63 y32),97 (x64 y32),99 (x65 y34),99 (x66 y34),99 (x67 y34),99 (x68 y34),99 (x69 y34),97 (x70 y34),97 (x71 y34),99 (x72 y32),99 (x73 y32),99 (x74 y32),99 (x75 y32),99 (x76 y32),99 (x77 y32),99 (x78 y32),99 (x79 y32),99 (x80 y32),99 (x80 y33),99 (x81 y33),97 (x83 y32),97 (x84 y32),97 (x85 y32),99 (x86 y34),99 (x87 y34),99 (x88 y34),99 (x89 y34),99 (x90 y34),99 (x91 y34),99 (x92 y34),99 (x93 y34),99 (x94 y34),99 (x95 y34),99 (x95 y33),97 (x97 y34),97 (x98 y34),97 (x99 y34),99 (x100 y34),99 (x101 y34),99 (x102 y34),99 (x103 y34),99 (x103 y33),97 (x105 y32),97 (x106 y32),97 (x107 y32),97 (x108 y32),97 (x109 y32),99 (x110 y32),99 (x111 y32),99 (x112 y32),99 (x113 y32),99 (x114 y32),99 (x115 y32),99 (x116 y32),99 (x116 y33),99 (x117 y33),99 (x118 y33),99 (x119 y33),99 (x121 y32),99 (x122 y32),99 (x123 y32),99 (x123 y33),97 (x125 y32),97 (x126 y32),97 (x127 y32),97 (x128 y32),97 (x129 y32),99 (x130 y32),99 (x131 y32),105 (x133 y33),105 (x133 y34),105 (x134 y34),104 (x135 y34),112 (x136 y32),112 (x137 y32),112 (x138 y32),112 (x139 y32),112 (x140 y32),104 (x142 y33),104 (x143 y33),104 (x143 y32),104 (x144 y32),103 (x145 y32),103 (x146 y32),103 (x147 y32),103 (x148 y32),103 (x149 y32),103 (x150 y32),103 (x151 y32),103 (x152 y32),103 (x153 y32),97 (x154 y34),97 (x155 y34),99 (x156 y34),99 (x157 y34),99 (x158 y34),99 (x159 y34),99 (x160 y34),99 (x161 y34),99 (x162 y34),
34,97 (x0 y33),98 (x1 y33),99 (x2 y33),99 (x3 y33),97 (x4 y33),97 (x5 y33),97 (x6 y33),97 (x7 y33),97 (x8 y33),97 (x9 y33),97 (x10 y33),.,97 (x12 y33),97 (x13 y33),97 (x14 y33),97 (x15 y33),97 (x16 y33),97 (x17 y33),97 (x18 y33),97 (x19 y33),97 (x20 y33),97 (x21 y33),99 (x22 y33),99 (x23 y33),99 (x24 y33),99 (x25 y33),99 (x26 y33),99 (x27 y33),99 (x28 y33),99 (x29 y33),99 (x30 y33),99 (x31 y33),99 (x32 y33),99 (x33 y33),99 (x34 y33),99 (x35 y33),99 (x36 y33),99 (x37 y33),99 (x38 y33),99 (x39 y33),99 (x40 y33),99 (x41 y33),99 (x42 y33),97 (x43 y33),97 (x44 y33),97 (x45 y33),99 (x46 y33),99 (x47 y33),99 (x48 y33),99 (x49 y33),99 (x50 y33),99 (x51 y33),97 (x52 y33),99 (x53 y33),99 (x54 y33),99 (x55 y33),99 (x56 y33),99 (x57 y33),99 (x58 y33),99 (x59 y33),99 (x59 y34),99 (x60 y34),99 (x61 y34),99 (x62 y34),99 (x63 y34),99 (x64 y34),99 (x65 y34),99 (x66 y34),99 (x67 y34),99 (x68 y34),97 (x69 y34),97 (x70 y34),99 (x72 y33),99 (x73 y33),99 (x74 y33),99 (x75 y33),99 (x76 y33),99 (x77 y33),99 (x78 y33),99 (x79 y33),99 (x80 y33),99 (x81 y33),99 (x82 y33),99 (x82 y34),99 (x83 y34),99 (x84 y34),99 (x85 y34),99 (x86 y34),99 (x87 y34),99 (x88 y34),99 (x89 y34),99 (x90 y34),99 (x91 y34),99 (x92 y34),99 (x93 y34),99 (x94 y34),97 (x95 y34),97 (x96 y34),97 (x97 y34),97 (x98 y34),99 (x101 y34),99 (x102 y34),99 (x102 y35),99 (x103 y35),97 (x105 y34),97 (x105 y33),97 (x106 y33),97 (x107 y33),97 (x108 y33),97 (x109 y33),99 (x110 y33),99 (x111 y33),99 (x112 y33),99 (x113 y33),99 (x114 y33),99 (x115 y33),99 (x116 y33),99 (x117 y33),99 (x118 y33),99 (x119 y33),99 (x120 y33),99 (x121 y33),99 (x122 y33),99 (x123 y33),97 (x124 y33),97 (x125 y33),97 (x126 y33),97 (x127 y33),97 (x128 y33),99 (x130 y34),99 (x130 y33),99 (x131 y33),99 (x131 y34),105 (x134 y34),105 (x135 y34),104 (x136 y34),104 (x137 y34),104 (x138 y34),104 (x139 y34),104 (x140 y34),104 (x141 y34),104 (x141 y33),104 (x142 y33),104 (x143 y33),104 (x144 y33),103 (x145 y33),103 (x146 y33),103 (x147 y33),103 (x148 y33),103 (x149 y33),103 (x150 y33),103 (x151 y33),99 (x152 y35),99 (x153 y35),97 (x154 y35),97 (x155 y35),99 (x156 y35),99 (x157 y35),99 (x158 y35),99 (x159 y35),99 (x160 y35),99 (x161 y35),99 (x162 y35),
35,97 (x0 y34),98 (x1 y34),99 (x2 y34),99 (x3 y34),99 (x3 y35),99 (x4 y35),97 (x6 y34),97 (x7 y34),97 (x8 y34),97 (x9 y34),97 (x10 y34),97 (x10 y35),97 (x12 y34),97 (x13 y34),97 (x14 y34),97 (x15 y34),97 (x16 y34),97 (x17 y34),97 (x18 y34),97 (x19 y34),97 (x20 y34),99 (x22 y35),99 (x22 y34),99 (x23 y34),99 (x24 y34),99 (x25 y34),99 (x26 y34),99 (x27 y34),99 (x28 y34),99 (x29 y34),99 (x30 y34),99 (x31 y34),99 (x32 y34),99 (x33 y34),99 (x34 y34),99 (x35 y34),99 (x36 y34),99 (x37 y34),99 (x38 y34),99 (x39 y34),97 (x40 y34),97 (x41 y34),97 (x42 y34),97 (x43 y34),97 (x44 y34),97 (x45 y34),97 (x46 y34),97 (x47 y34),99 (x48 y34),99 (x49 y34),99 (x50 y34),99 (x51 y34),97 (x52 y34),97 (x53 y34),97 (x54 y34),99 (x55 y34),97 (x56 y34),97 (x57 y34),97 (x58 y34),99 (x59 y34),99 (x60 y34),99 (x61 y34),99 (x62 y34),99 (x63 y34),99 (x64 y34),99 (x65 y34),99 (x66 y34),99 (x67 y34),99 (x68 y34),97 (x69 y34),97 (x70 y34),97 (x71 y34),97 (x71 y35),99 (x73 y34),99 (x74 y34),97 (x75 y36),97 (x76 y36),99 (x77 y34),99 (x78 y34),99 (x79 y34),99 (x80 y34),99 (x81 y34),99 (x82 y34),99 (x83 y34),99 (x84 y34),97 (x85 y34),97 (x86 y34),99 (x87 y34),97 (x88 y34),97 (x89 y34),99 (x90 y34),99 (x91 y34),99 (x92 y34),99 (x93 y34),99 (x94 y34),97 (x95 y34),97 (x96 y34),97 (x97 y34),97 (x98 y34),97 (x99 y34),97 (x99 y35),97 (x100 y35),99 (x102 y36),99 (x103 y36),99 (x104 y36),97 (x105 y34),97 (x106 y34),99 (x108 y35),99 (x109 y35),99 (x110 y35),99 (x110 y34),99 (x111 y34),99 (x112 y34),99 (x113 y34),99 (x114 y34),99 (x115 y34),99 (x116 y34),99 (x117 y34),99 (x118 y34),99 (x119 y34),99 (x120 y34),99 (x121 y34),99 (x122 y34),99 (x123 y34),97 (x124 y34),97 (x125 y34),99 (x126 y36),97 (x127 y34),97 (x128 y34),99 (x129 y34),99 (x130 y34),99 (x131 y34),99 (x132 y34),99 (x132 y35),104 (x134 y34),104 (x135 y34),104 (x136 y34),104 (x137 y34),104 (x138 y34),104 (x139 y34),104 (x140 y34),104 (x141 y34),104 (x142 y34),97 (x143 y36),97 (x144 y36),97 (x145 y36),97 (x146 y36),99 (x148 y35),99 (x148 y36),99 (x149 y36),99 (x150 y36),99 (x151 y36),99 (x152 y36),99 (x153 y36),99 (x154 y36),99 (x155 y36),99 (x156 y36),99 (x157 y36),99 (x158 y36),99 (x159 y36),99 (x160 y36),99 (x161 y36),99 (x162 y36),
36,97 (x0 y35),98 (x1 y35),99 (x2 y35),99 (x3 y35),99 (x4 y35),99 (x5 y35),97 (x6 y35),97 (x7 y35),97 (x8 y35),97 (x9 y35),97 (x10 y35),97 (x11 y35),99 (x12 y37),97 (x13 y35),97 (x14 y35),97 (x15 y35),97 (x16 y35),97 (x17 y35),97 (x18 y35),97 (x19 y35),99 (x21 y36),99 (x21 y35),99 (x22 y35),99 (x23 y35),99 (x24 y35),99 (x25 y35),99 (x26 y35),99 (x27 y35),99 (x28 y35),99 (x29 y35),99 (x30 y35),99 (x31 y35),99 (x32 y35),99 (x33 y35),99 (x34 y35),99 (x35 y35),99 (x36 y35),99 (x37 y35),99 (x38 y35),99 (x39 y35),97 (x40 y35),97 (x41 y35),97 (x42 y35),97 (x43 y35),97 (x44 y35),97 (x45 y35),97 (x46 y35),97 (x47 y35),99 (x48 y35),99 (x49 y35),99 (x50 y35),99 (x51 y35),97 (x52 y35),97 (x53 y35),97 (x54 y35),97 (x55 y35),97 (x56 y35),97 (x57 y35),97 (x58 y35),99 (x59 y35),99 (x60 y35),99 (x61 y35),99 (x62 y35),99 (x63 y35),99 (x64 y35),99 (x65 y35),99 (x66 y35),99 (x67 y35),99 (x68 y35),97 (x69 y35),97 (x70 y35),97 (x71 y35),97 (x72 y35),97 (x72 y36),97 (x73 y36),97 (x74 y36),97 (x75 y36),99 (x77 y35),97 (x78 y37),99 (x79 y35),99 (x80 y35),99 (x81 y35),99 (x82 y35),99 (x83 y35),99 (x84 y35),97 (x85 y35),97 (x86 y35),97 (x87 y35),97 (x88 y35),97 (x89 y35),99 (x90 y35),99 (x91 y35),99 (x92 y35),99 (x93 y35),99 (x94 y35),99 (x94 y36),97 (x96 y35),97 (x97 y35),97 (x98 y35),97 (x99 y35),97 (x100 y35),99 (x102 y36),99 (x103 y36),99 (x104 y36),99 (x105 y36),99 (x106 y36),99 (x107 y36),99 (x107 y35),99 (x108 y35),99 (x109 y35),99 (x110 y35),99 (x111 y35),99 (x112 y35),99 (x113 y35),99 (x114 y35),99 (x115 y35),99 (x116 y35),99 (x117 y35),99 (x118 y35),99 (x119 y35),99 (x120 y35),99 (x121 y35),99 (x122 y35),99 (x123 y35),99 (x123 y36),99 (x124 y36),99 (x125 y36),99 (x126 y36),99 (x127 y36),99 (x128 y36),99 (x130 y35),99 (x131 y35),99 (x132 y35),99 (x133 y35),99 (x133 y36),104 (x135 y35),104 (x136 y35),104 (x137 y35),104 (x138 y35),104 (x139 y35),104 (x140 y35),97 (x141 y37),99 (x142 y37),97 (x143 y37),97 (x144 y37),97 (x145 y37),97 (x146 y37),97 (x147 y37),99 (x148 y37),99 (x149 y37),99 (x150 y37),99 (x151 y37),99 (x152 y37),99 (x153 y37),99 (x154 y37),99 (x155 y37),99 (x156 y37),99 (x157 y37),99 (x157 y36),99 (x158 y36),99 (x159 y36),99 (x160 y36),99 (x161 y36),
37,97 (x0 y36),98 (x1 y36),99 (x2 y36),99 (x3 y36),99 (x4 y36),99 (x5 y36),97 (x6 y36),97 (x7 y36),99 (x8 y38),99 (x9 y38),99 (x10 y38),99 (x11 y38),99 (x12 y38),99 (x13 y38),97 (x14 y36),97 (x15 y36),97 (x16 y36),97 (x17 y36),97 (x18 y36),97 (x19 y36),99 (x20 y36),99 (x21 y36),99 (x22 y36),99 (x23 y36),99 (x24 y36),99 (x25 y36),99 (x26 y36),99 (x27 y36),99 (x28 y36),99 (x29 y36),99 (x30 y36),99 (x31 y36),99 (x32 y36),97 (x33 y36),97 (x34 y36),99 (x35 y36),99 (x36 y36),99 (x37 y36),99 (x38 y36),99 (x39 y36),99 (x39 y37),97 (x41 y36),97 (x42 y36),97 (x43 y36),97 (x44 y36),97 (x45 y36),97 (x46 y36),99 (x48 y37),99 (x48 y36),99 (x49 y36),99 (x50 y36),99 (x51 y36),97 (x52 y36),97 (x53 y36),97 (x54 y36),97 (x55 y36),97 (x56 y36),97 (x57 y36),99 (x59 y37),99 (x59 y36),99 (x60 y36),99 (x61 y36),99 (x62 y36),99 (x63 y36),97 (x64 y36),97 (x65 y36),97 (x66 y36),97 (x67 y36),97 (x68 y36),97 (x69 y36),97 (x70 y36),97 (x71 y36),97 (x72 y36),97 (x73 y36),97 (x74 y36),97 (x75 y36),97 (x76 y36),97 (x76 y37),97 (x77 y37),99 (x79 y36),99 (x80 y36),99 (x81 y36),99 (x82 y36),99 (x83 y36),99 (x84 y36),97 (x85 y36),97 (x86 y36),97 (x87 y36),97 (x88 y36),97 (x89 y36),97 (x90 y36),99 (x91 y36),99 (x92 y36),99 (x93 y36),97 (x94 y36),97 (x95 y36),97 (x96 y36),97 (x97 y36),97 (x98 y36),97 (x99 y36),97 (x100 y36),99 (x101 y36),99 (x102 y36),99 (x103 y36),99 (x104 y36),99 (x105 y36),99 (x106 y36),99 (x107 y36),99 (x108 y36),99 (x109 y36),99 (x110 y36),99 (x111 y36),99 (x112 y36),99 (x113 y36),99 (x114 y36),99 (x115 y36),99 (x116 y36),99 (x117 y36),99 (x118 y36),99 (x119 y36),99 (x120 y36),99 (x121 y36),99 (x122 y36),99 (x123 y36),99 (x124 y36),99 (x125 y36),99 (x126 y36),99 (x127 y36),99 (x128 y36),99 (x129 y36),99 (x130 y36),99 (x131 y36),99 (x132 y36),99 (x133 y36),99 (x134 y36),99 (x134 y37),99 (x135 y37),99 (x136 y37),97 (x137 y37),97 (x138 y37),97 (x139 y37),97 (x140 y37),99 (x142 y38),99 (x143 y38),97 (x144 y38),97 (x145 y38),97 (x146 y38),99 (x147 y38),99 (x148 y38),99 (x149 y38),99 (x150 y38),99 (x151 y38),99 (x152 y38),99 (x153 y38),99 (x154 y38),99 (x155 y38),99 (x156 y38),99 (x157 y38),97 (x158 y38),97 (x159 y38),97 (x160 y38),99 (x161 y36),97 (x162 y38),
38,97 (x0 y37),98 (x1 y37),99 (x2 y37),99 (x3 y37),99 (x4 y37),99 (x5 y37),99 (x5 y38),99 (x6 y38),99 (x7 y38),99 (x8 y38),99 (x9 y38),99 (x10 y38),99 (x11 y38),99 (x12 y38),97 (x14 y37),97 (x15 y37),97 (x16 y37),97 (x17 y37),97 (x18 y37),97 (x19 y37),97 (x19 y38),99 (x21 y37),99 (x22 y37),99 (x23 y37),99 (x24 y37),99 (x25 y37),99 (x26 y37),99 (x27 y37),99 (x28 y37),99 (x29 y37),99 (x30 y37),99 (x31 y37),99 (x32 y37),97 (x33 y37),97 (x34 y37),99 (x35 y37),99 (x36 y37),99 (x37 y37),99 (x38 y37),99 (x39 y37),99 (x40 y37),97 (x41 y37),97 (x42 y37),97 (x43 y37),97 (x44 y37),97 (x45 y37),97 (x46 y37),99 (x47 y37),99 (x48 y37),99 (x49 y37),97 (x50 y37),97 (x51 y37),97 (x52 y37),97 (x53 y37),97 (x54 y37),97 (x55 y37),97 (x56 y37),97 (x57 y37),99 (x58 y37),99 (x59 y37),99 (x60 y37),99 (x61 y37),99 (x62 y37),99 (x63 y37),97 (x64 y37),97 (x65 y37),97 (x66 y37),97 (x67 y37),97 (x68 y37),97 (x69 y37),97 (x70 y37),97 (x71 y37),97 (x72 y37),97 (x73 y37),97 (x74 y37),97 (x75 y37),97 (x76 y37),97 (x77 y37),99 (x79 y38),99 (x79 y37),99 (x80 y37),99 (x81 y37),99 (x82 y37),99 (x83 y37),99 (x84 y37),97 (x85 y37),97 (x86 y37),97 (x87 y37),97 (x88 y37),97 (x89 y37),97 (x90 y37),99 (x91 y37),99 (x92 y37),99 (x93 y37),97 (x94 y37),97 (x95 y37),97 (x96 y37),97 (x97 y37),97 (x98 y37),97 (x99 y37),97 (x100 y37),97 (x100 y38),99 (x102 y37),99 (x103 y37),99 (x104 y37),99 (x105 y37),99 (x106 y37),99 (x107 y37),97 (x108 y37),97 (x109 y37),97 (x110 y37),99 (x111 y37),99 (x112 y37),99 (x113 y37),99 (x114 y37),99 (x115 y37),99 (x116 y37),99 (x117 y37),99 (x118 y37),99 (x119 y37),99 (x120 y37),99 (x121 y37),99 (x122 y37),99 (x123 y37),99 (x124 y37),99 (x125 y37),99 (x126 y37),99 (x127 y37),99 (x128 y37),99 (x129 y37),99 (x130 y37),99 (x131 y37),99 (x132 y37),99 (x133 y37),99 (x134 y37),99 (x135 y37),99 (x136 y37),99 (x137 y37),97 (x138 y37),97 (x139 y37),97 (x140 y37),97 (x141 y37),99 (x142 y39),99 (x143 y39),99 (x144 y39),99 (x145 y39),99 (x146 y39),99 (x147 y39),99 (x148 y39),99 (x149 y39),99 (x150 y39),99 (x151 y39),99 (x152 y39),99 (x153 y39),99 (x154 y39),99 (x155 y39),99 (x156 y39),99 (x157 y39),97 (x158 y39),97 (x159 y39),97 (x160 y39),97 (x161 y39),97 (x162 y39),
39,97 (x0 y38),98 (x1 y38),99 (x2 y38),99 (x3 y38),97 (x4 y38),97 (x5 y38),97 (x6 y38),99 (x7 y38),99 (x8 y38),99 (x9 y38),99 (x10 y38),99 (x11 y38),99 (x12 y38),99 (x13 y38),97 (x14 y38),97 (x15 y38),97 (x16 y38),99 (x17 y40),97 (x18 y38),97 (x19 y38),97 (x20 y38),99 (x21 y38),99 (x22 y38),99 (x23 y38),99 (x24 y38),99 (x25 y38),99 (x26 y38),99 (x27 y38),99 (x28 y38),99 (x29 y38),97 (x30 y38),97 (x31 y38),97 (x32 y38),97 (x33 y38),97 (x34 y38),97 (x35 y38),97 (x36 y38),97 (x37 y38),99 (x38 y38),99 (x39 y38),99 (x40 y38),97 (x41 y38),97 (x42 y38),97 (x43 y38),97 (x44 y38),97 (x45 y38),97 (x46 y38),99 (x47 y38),99 (x48 y38),99 (x49 y38),97 (x50 y38),97 (x51 y38),97 (x52 y38),97 (x53 y38),97 (x54 y38),97 (x55 y38),97 (x56 y38),97 (x57 y38),97 (x57 y39),99 (x59 y38),99 (x60 y38),99 (x61 y38),99 (x62 y38),99 (x63 y38),97 (x64 y38),97 (x65 y38),97 (x66 y38),97 (x67 y38),97 (x68 y38),97 (x69 y38),97 (x70 y38),97 (x71 y38),97 (x72 y38),97 (x73 y38),97 (x74 y38),97 (x75 y38),97 (x76 y38),97 (x77 y38),99 (x78 y38),99 (x79 y38),99 (x80 y38),99 (x81 y38),99 (x82 y38),99 (x83 y38),99 (x84 y38),97 (x85 y38),97 (x86 y38),97 (x87 y38),97 (x88 y38),97 (x89 y38),99 (x91 y39),99 (x91 y38),99 (x92 y38),99 (x93 y38),97 (x94 y38),97 (x95 y38),97 (x96 y38),97 (x97 y38),97 (x98 y38),97 (x99 y38),97 (x100 y38),97 (x101 y38),99 (x102 y38),99 (x103 y38),99 (x104 y38),99 (x105 y38),99 (x106 y38),99 (x107 y38),97 (x108 y38),97 (x109 y38),97 (x110 y38),97 (x111 y38),99 (x112 y38),99 (x113 y38),99 (x114 y38),99 (x115 y38),99 (x116 y38),99 (x117 y38),99 (x118 y38),99 (x119 y38),99 (x120 y38),99 (x121 y38),99 (x122 y38),99 (x123 y38),99 (x124 y38),99 (x125 y38),99 (x126 y38),99 (x127 y38),99 (x128 y38),99 (x129 y38),99 (x130 y38),99 (x131 y38),99 (x132 y38),99 (x133 y38),99 (x134 y38),99 (x135 y38),99 (x136 y38),99 (x137 y38),97 (x138 y38),97 (x139 y38),97 (x140 y38),99 (x141 y40),99 (x142 y40),99 (x143 y40),99 (x144 y40),99 (x145 y40),99 (x146 y40),99 (x147 y40),99 (x148 y40),99 (x149 y40),99 (x150 y40),99 (x151 y40),99 (x152 y40),99 (x153 y40),99 (x154 y40),99 (x155 y40),99 (x156 y40),99 (x156 y39),99 (x157 y39),97 (x159 y40),97 (x160 y40),97 (x161 y40),97 (x162 y40),
40,97 (x0 y39),98 (x1 y39),99 (x2 y39),97 (x3 y39),97 (x4 y39),97 (x5 y39),97 (x6 y39),99 (x7 y39),99 (x8 y39),99 (x9 y39),99 (x10 y39),99 (x11 y39),99 (x12 y39),99 (x13 y39),97 (x14 y39),97 (x15 y39),99 (x17 y40),99 (x18 y40),99 (x19 y40),99 (x20 y40),99 (x21 y40),99 (x21 y39),99 (x22 y39),99 (x23 y39),99 (x24 y39),99 (x25 y39),99 (x26 y39),99 (x27 y39),99 (x28 y39),99 (x29 y39),97 (x30 y39),97 (x31 y39),97 (x32 y39),97 (x33 y39),97 (x34 y39),97 (x35 y39),97 (x36 y39),97 (x37 y39),99 (x38 y39),99 (x39 y39),99 (x40 y39),97 (x41 y39),97 (x42 y39),.,.,97 (x45 y39),97 (x46 y39),99 (x47 y39),99 (x48 y39),99 (x49 y39),97 (x50 y39),97 (x51 y39),97 (x52 y39),97 (x53 y39),97 (x54 y39),97 (x55 y39),97 (x56 y39),97 (x57 y39),97 (x58 y39),97 (x59 y39),99 (x60 y39),99 (x61 y39),99 (x62 y39),99 (x63 y39),99 (x63 y40),99 (x64 y40),99 (x65 y40),99 (x66 y40),97 (x68 y39),97 (x69 y39),97 (x70 y39),97 (x71 y39),97 (x72 y39),97 (x73 y39),97 (x74 y39),.,97 (x76 y39),97 (x77 y39),99 (x78 y39),99 (x79 y39),99 (x80 y39),99 (x81 y39),99 (x82 y39),99 (x83 y39),99 (x84 y39),99 (x84 y40),99 (x85 y40),97 (x87 y39),97 (x88 y39),97 (x89 y39),99 (x90 y39),99 (x91 y39),99 (x92 y39),99 (x93 y39),99 (x93 y40),99 (x94 y40),97 (x96 y39),97 (x97 y39),97 (x98 y39),.,97 (x100 y39),97 (x101 y39),99 (x102 y39),99 (x103 y39),99 (x104 y39),99 (x105 y39),99 (x106 y39),99 (x107 y39),97 (x108 y39),97 (x109 y39),97 (x110 y39),97 (x111 y39),99 (x112 y39),99 (x113 y39),99 (x114 y39),99 (x115 y39),99 (x116 y39),99 (x117 y39),99 (x118 y39),99 (x119 y39),99 (x120 y39),99 (x121 y39),99 (x122 y39),99 (x123 y39),99 (x124 y39),99 (x125 y39),99 (x126 y39),99 (x127 y39),99 (x128 y39),99 (x129 y39),99 (x130 y39),99 (x131 y39),99 (x132 y39),99 (x133 y39),99 (x134 y39),99 (x135 y39),99 (x136 y39),99 (x137 y39),99 (x137 y40),99 (x138 y40),99 (x139 y40),99 (x140 y40),99 (x141 y40),99 (x142 y40),99 (x143 y40),99 (x144 y40),99 (x145 y40),99 (x146 y40),99 (x147 y40),99 (x148 y40),99 (x149 y40),99 (x150 y40),99 (x151 y40),99 (x152 y40),99 (x153 y40),99 (x154 y40),99 (x155 y40),97 (x156 y40),97 (x157 y40),97 (x158 y40),97 (x159 y40),97 (x160 y40),97 (x161 y40),
Number of steps from S to E: 534
